,Route,Year,PointID,grouse1,grouse2,grouse3,elev,fc,doy.1,doy.2,doy.3
1,101,2020,101_1,0,0,0,587.6158779,46.5942029,85,106,132
2,101,2021,101_1,0,0,0,587.6158779,46.5942029,68,91,111
3,101,2020,101_10,0,0,0,603.2856917,38.97058824,85,106,132
4,101,2021,101_10,0,0,0,603.2856917,38.97058824,91,111,NA
5,101,2020,101_2,0,0,0,596.9965188,40.29411765,85,106,132
6,101,2021,101_2,0,0,0,596.9965188,40.29411765,68,91,111
7,101,2020,101_3,0,0,0,591.8350369,40.71942446,85,106,132
8,101,2021,101_3,0,0,0,591.8350369,40.71942446,68,91,111
9,101,2020,101_4,0,0,0,630.3955263,70.25179856,85,106,132
10,101,2021,101_4,0,0,0,630.3955263,70.25179856,68,91,111
11,101,2020,101_5,0,0,0,592.7421676,69.05797101,85,106,132
12,101,2021,101_5,0,0,0,592.7421676,69.05797101,91,111,NA
13,101,2020,101_6,0,0,0,566.1880233,47.13235294,85,106,132
14,101,2021,101_6,0,0,0,566.1880233,47.13235294,68,91,111
15,101,2020,101_7,0,0,0,593.5596576,62.26277372,85,106,132
16,101,2021,101_7,0,0,0,593.5596576,62.26277372,68,91,111
17,101,2020,101_8,0,0,0,619.6840025,60.11111111,85,106,132
18,101,2021,101_8,0,0,0,619.6840025,60.11111111,91,111,NA
19,101,2020,101_9,0,0,0,605.8615317,55.5,85,106,132
20,101,2021,101_9,0,0,0,605.8615317,55.5,68,91,111
21,102,2020,102_1,0,0,0,652.1897146,71.78832117,86,107,133
22,102,2021,102_1,0,0,0,652.1897146,71.78832117,69,92,110
23,102,2020,102_10,0,0,0,813.9891214,76.28676471,86,107,133
24,102,2021,102_10,0,1,0,813.9891214,76.28676471,69,92,110
25,102,2020,102_11,0,0,0,854.4366085,71.09489051,86,107,133
26,102,2021,102_11,0,0,0,854.4366085,71.09489051,69,92,110
27,102,2020,102_2,0,0,0,603.9023747,56.88405797,86,107,133
28,102,2021,102_2,0,0,0,603.9023747,56.88405797,69,92,110
29,102,2020,102_3,0,0,0,601.9785089,28.19852941,86,107,133
30,102,2021,102_3,0,0,0,601.9785089,28.19852941,69,92,110
31,102,2020,102_4,0,0,0,630.934785,46.53284672,86,107,133
32,102,2021,102_4,0,0,0,630.934785,46.53284672,69,92,110
33,102,2020,102_5,0,0,0,651.3254047,67.29927007,86,107,133
34,102,2021,102_5,0,0,0,651.3254047,67.29927007,69,92,110
35,102,2020,102_6,0,0,0,671.032998,27.75735294,86,107,133
36,102,2021,102_6,0,0,0,671.032998,27.75735294,92,110,138
37,102,2020,102_7,0,0,0,714.5610035,70.18248175,86,107,133
38,102,2021,102_7,0,0,0,714.5610035,70.18248175,92,110,138
39,102,2020,102_8,0,0,0,752.24013,68.47826087,86,107,133
40,102,2021,102_8,0,0,0,752.24013,68.47826087,69,79,92
41,102,2020,102_9,0,0,0,792.1126808,74.375,86,107,133
42,102,2021,102_9,0,0,0,792.1126808,74.375,69,92,110
43,11,2020,11_1,0,0,0,556.018468,75.94202899,67,93,117
44,11,2021,11_1,0,0,0,556.018468,75.94202899,62,88,128
45,11,2020,11_10,0,0,0,530.5725377,77.46428571,67,93,117
46,11,2021,11_10,0,0,0,530.5725377,77.46428571,62,88,128
47,11,2020,11_11,0,0,0,540.3179816,73.83211679,67,93,117
48,11,2021,11_11,0,0,0,540.3179816,73.83211679,62,88,128
49,11,2020,11_2,0,0,0,568.4088078,83.5971223,67,93,117
50,11,2021,11_2,0,0,0,568.4088078,83.5971223,62,88,128
51,11,2020,11_3,0,0,1,535.039304,61.24087591,67,93,117
52,11,2021,11_3,0,0,0,535.039304,61.24087591,62,88,128
53,11,2020,11_4,0,0,0,560.0550166,72.57246377,67,93,117
54,11,2021,11_4,0,0,0,560.0550166,72.57246377,62,88,128
55,11,2020,11_5,0,0,1,564.2967857,49.22794118,67,93,117
56,11,2021,11_5,0,0,0,564.2967857,49.22794118,62,88,128
57,11,2020,11_6,0,0,0,591.0985477,54.37956204,67,93,117
58,11,2021,11_6,0,0,0,591.0985477,54.37956204,62,88,128
59,11,2020,11_7,0,0,0,618.6009744,73.39416058,67,93,117
60,11,2021,11_7,0,0,0,618.6009744,73.39416058,62,88,128
61,11,2020,11_8,0,0,0,536.63124,68.53571429,67,93,117
62,11,2021,11_8,0,0,0,536.63124,68.53571429,62,88,128
63,11,2020,11_9,0,0,0,507.5278867,53.00724638,67,93,117
64,11,2021,11_9,0,0,0,507.5278867,53.00724638,62,88,128
65,112,2020,112_1,0,0,0,487.4769895,58.64963504,80,113,142
66,112,2021,112_1,0,0,0,487.4769895,58.64963504,73,93,127
67,112,2020,112_10,0,0,0,531.5200821,68.84057971,80,113,142
68,112,2021,112_10,0,0,0,531.5200821,68.84057971,73,93,127
69,112,2020,112_2,0,0,0,500.3046258,73.59259259,80,113,142
70,112,2021,112_2,0,0,0,500.3046258,73.59259259,73,93,127
71,112,2020,112_3,0,0,0,496.5958835,44.77941176,80,113,142
72,112,2021,112_3,0,0,0,496.5958835,44.77941176,73,93,127
73,112,2020,112_4,0,0,0,505.5421318,65.36764706,80,113,142
74,112,2021,112_4,0,0,0,505.5421318,65.36764706,73,93,127
75,112,2020,112_5,0,0,0,478.044957,63.80434783,80,113,142
76,112,2021,112_5,0,0,0,478.044957,63.80434783,73,93,127
77,112,2020,112_6,0,0,0,470.7190803,59.26470588,80,113,142
78,112,2021,112_6,0,0,0,470.7190803,59.26470588,73,93,127
79,112,2020,112_7,0,0,0,485.2547337,61.35714286,80,113,142
80,112,2021,112_7,0,0,0,485.2547337,61.35714286,73,93,127
81,112,2020,112_8,0,0,0,491.9587042,70.54347826,80,113,142
82,112,2021,112_8,0,0,0,491.9587042,70.54347826,73,93,127
83,112,2020,112_9,0,0,0,524.1350569,73.67647059,80,113,142
84,112,2021,112_9,0,0,0,524.1350569,73.67647059,73,93,127
85,116,2020,116_1,0,0,0,817.5668489,85,78,113,140
86,116,2021,116_1,0,0,0,817.5668489,85,99,118,121
87,116,2020,116_10,0,0,0,955.6897368,85,78,113,140
88,116,2021,116_10,1,0,1,955.6897368,85,99,118,121
89,116,2020,116_11,0,0,0,1029.456972,84.92753623,78,113,140
90,116,2021,116_11,0,0,0,1029.456972,84.92753623,99,118,121
91,116,2020,116_12,0,0,0,1083.749236,79.5,78,113,140
92,116,2021,116_12,0,0,0,1083.749236,79.5,99,118,121
93,116,2020,116_13,0,0,0,1096.195927,77.17391304,78,113,140
94,116,2021,116_13,0,0,0,1096.195927,77.17391304,99,118,121
95,116,2020,116_2,0,0,0,829.7545781,84.56521739,78,113,140
96,116,2021,116_2,0,0,0,829.7545781,84.56521739,99,118,121
97,116,2020,116_3,0,0,0,808.4279577,85,78,113,140
98,116,2021,116_3,0,0,0,808.4279577,85,99,118,121
99,116,2020,116_4,0,0,0,768.2581493,85,78,113,140
100,116,2021,116_4,0,0,0,768.2581493,85,99,118,121
101,116,2020,116_5,0,0,0,710.2486777,84.8540146,78,113,140
102,116,2021,116_5,0,0,0,710.2486777,84.8540146,99,118,121
103,116,2020,116_6,0,0,0,656.9073368,84.64028777,78,113,140
104,116,2021,116_6,0,0,0,656.9073368,84.64028777,99,118,121
105,116,2020,116_7,0,0,0,775.4444953,84.85611511,78,113,140
106,116,2021,116_7,0,0,0,775.4444953,84.85611511,99,118,121
107,116,2020,116_8,0,0,0,808.1133228,84.7826087,78,113,140
108,116,2021,116_8,0,0,0,808.1133228,84.7826087,99,118,121
109,116,2020,116_9,0,0,0,824.2192324,84.92647059,78,113,140
110,116,2021,116_9,0,0,0,824.2192324,84.92647059,99,118,121
111,118,2020,118_1,0,0,0,584.802304,57.33576642,76,99,122
112,118,2021,118_1,0,0,0,584.802304,57.33576642,66,95,112
113,118,2020,118_10,0,0,0,703.4145784,83.61313869,76,99,122
114,118,2021,118_10,0,0,0,703.4145784,83.61313869,66,95,112
115,118,2020,118_2,0,0,0,591.6353942,74.34306569,76,99,122
116,118,2021,118_2,0,0,0,591.6353942,74.34306569,66,95,112
117,118,2020,118_3,0,0,0,615.0633346,55.11111111,76,99,122
118,118,2021,118_3,0,0,0,615.0633346,55.11111111,66,95,112
119,118,2020,118_4,0,0,0,623.8905115,65.80882353,76,99,122
120,118,2021,118_4,0,0,0,623.8905115,65.80882353,66,95,112
121,118,2020,118_5,0,0,0,585.3977621,74.26470588,76,99,122
122,118,2021,118_5,0,0,0,585.3977621,74.26470588,66,95,112
123,118,2020,118_6,0,0,0,578.4976998,71.93430657,76,99,122
124,118,2021,118_6,0,0,0,578.4976998,71.93430657,66,95,112
125,118,2020,118_7,0,0,0,685.9494894,79.88970588,76,99,122
126,118,2021,118_7,0,0,0,685.9494894,79.88970588,66,95,112
127,118,2020,118_8,0,0,0,721.5320934,81.12318841,76,99,122
128,118,2021,118_8,0,0,0,721.5320934,81.12318841,66,95,112
129,118,2020,118_9,0,1,0,689.3632505,72.62589928,76,99,122
130,118,2021,118_9,0,0,0,689.3632505,72.62589928,66,95,112
131,122,2020,122_1,0,0,0,1061.41573,72.24637681,61,90,112
132,122,2021,122_1,0,0,0,1061.41573,72.24637681,70,91,115
133,122,2020,122_10,0,0,0,789.9091882,75.87591241,61,90,112
134,122,2021,122_10,0,0,0,789.9091882,75.87591241,70,91,115
135,122,2020,122_11,0,0,0,722.3464014,46.43382353,61,90,112
136,122,2021,122_11,0,0,0,722.3464014,46.43382353,70,91,115
137,122,2020,122_2,0,0,0,1106.732816,59.49275362,61,90,112
138,122,2021,122_2,0,0,0,1106.732816,59.49275362,70,91,115
139,122,2020,122_3,0,0,0,1154.738845,50.62043796,61,90,112
140,122,2021,122_3,0,0,0,1154.738845,50.62043796,70,91,115
141,122,2020,122_4,0,0,0,1141.167024,40.36764706,61,90,112
142,122,2021,122_4,0,0,0,1141.167024,40.36764706,70,91,115
143,122,2020,122_5,0,0,0,1121.880083,74.08088235,61,90,112
144,122,2021,122_5,0,0,0,1121.880083,74.08088235,70,91,115
145,122,2020,122_6,0,0,0,1065.077042,73.17518248,61,90,112
146,122,2021,122_6,0,0,0,1065.077042,73.17518248,70,91,115
147,122,2020,122_7,0,0,0,1010.323947,84.26470588,61,90,112
148,122,2021,122_7,0,0,0,1010.323947,84.26470588,70,91,115
149,122,2020,122_8,0,0,0,910.0104949,82.20588235,61,90,112
150,122,2021,122_8,0,0,0,910.0104949,82.20588235,70,91,115
151,122,2020,122_9,0,0,0,851.7841846,81.41304348,61,90,112
152,122,2021,122_9,0,0,0,851.7841846,81.41304348,70,91,115
153,123,2020,123_1,0,0,0,673.6837381,63.79562044,66,92,113
154,123,2021,123_1,0,0,0,673.6837381,63.79562044,83,94,118
155,123,2020,123_10,0,0,0,665.7021623,78.52941176,66,92,113
156,123,2021,123_10,0,0,0,665.7021623,78.52941176,83,94,118
157,123,2020,123_11,0,0,0,683.9841277,82.62773723,66,92,113
158,123,2021,123_11,0,0,0,683.9841277,82.62773723,83,94,118
159,123,2020,123_12,0,0,0,697.2164458,84.7080292,66,92,113
160,123,2021,123_12,0,0,0,697.2164458,84.7080292,83,94,118
161,123,2020,123_13,0,0,0,764.6110477,84.42028986,66,92,113
162,123,2021,123_13,0,0,0,764.6110477,84.42028986,83,94,118
163,123,2020,123_2,0,0,0,696.3206909,76.62962963,66,92,113
164,123,2021,123_2,0,0,0,696.3206909,76.62962963,83,94,118
165,123,2020,123_3,0,0,0,657.0724305,51.16788321,66,92,113
166,123,2021,123_3,0,0,0,657.0724305,51.16788321,83,94,118
167,123,2020,123_4,0,0,0,635.6737216,62.62773723,66,92,113
168,123,2021,123_4,0,0,0,635.6737216,62.62773723,83,94,118
169,123,2020,123_5,0,0,0,627.5889036,30.03597122,66,92,113
170,123,2021,123_5,0,0,0,627.5889036,30.03597122,83,94,118
171,123,2020,123_6,0,0,0,605.8082754,20.71942446,66,92,113
172,123,2021,123_6,0,0,0,605.8082754,20.71942446,83,94,118
173,123,2020,123_7,0,0,0,616.0122689,26.82142857,66,92,113
174,123,2021,123_7,0,0,0,616.0122689,26.82142857,83,94,118
175,123,2020,123_8,0,0,0,629.8214248,45.50724638,66,92,113
176,123,2021,123_8,0,0,0,629.8214248,45.50724638,83,94,118
177,123,2020,123_9,0,0,0,635.2067889,49.25925926,66,92,113
178,123,2021,123_9,0,0,0,635.2067889,49.25925926,83,94,118
179,130,2020,130_1,0,0,0,547.5709148,33.34558824,84,105,126
180,130,2021,130_1,0,0,0,547.5709148,33.34558824,67,92,106
181,130,2020,130_10,0,0,0,629.4003211,71.69117647,93,105,126
182,130,2021,130_10,0,0,0,629.4003211,71.69117647,67,92,106
183,130,2020,130_11,0,0,0,551.5767526,72.51851852,105,126,NA
184,130,2021,130_11,0,0,0,551.5767526,72.51851852,67,92,106
185,130,2020,130_12,0,0,0,506.9043112,48.91304348,105,126,NA
186,130,2021,130_12,0,0,0,506.9043112,48.91304348,92,106,NA
187,130,2020,130_2,0,0,0,558.1871037,69.35714286,84,105,126
188,130,2021,130_2,0,0,0,558.1871037,69.35714286,67,92,106
189,130,2020,130_3,0,0,0,542.8036231,32.01438849,84,105,126
190,130,2021,130_3,0,0,0,542.8036231,32.01438849,67,92,106
191,130,2020,130_4,0,0,0,557.1858088,35.69343066,84,105,126
192,130,2021,130_4,0,0,0,557.1858088,35.69343066,67,92,106
193,130,2020,130_5,0,0,0,565.4000011,67.83088235,84,105,126
194,130,2021,130_5,0,0,0,565.4000011,67.83088235,67,92,106
195,130,2020,130_6,0,0,0,567.424722,64.16666667,84,105,126
196,130,2021,130_6,0,0,0,567.424722,64.16666667,67,92,106
197,130,2020,130_7,0,0,0,564.3534493,38.99280576,84,105,126
198,130,2021,130_7,0,0,0,564.3534493,38.99280576,67,92,106
199,130,2020,130_8,0,0,0,559.9873631,66.88405797,84,105,126
200,130,2021,130_8,0,0,0,559.9873631,66.88405797,92,106,NA
201,130,2020,130_9,0,0,0,630.4650003,59.3115942,105,126,NA
202,130,2021,130_9,0,0,0,630.4650003,59.3115942,67,92,106
203,14,2020,14_1,0,0,0,583.2891415,80.95588235,77,101,125
204,14,2021,14_1,0,0,0,583.2891415,80.95588235,78,93,115
205,14,2020,14_2,0,0,0,542.5873966,26.26811594,77,101,125
206,14,2021,14_2,0,0,0,542.5873966,26.26811594,78,93,115
207,14,2020,14_3,0,0,0,590.7333891,66.24087591,77,101,125
208,14,2021,14_3,0,0,0,590.7333891,66.24087591,78,93,115
209,14,2020,14_4,0,0,0,562.9492895,52.21014493,77,101,125
210,14,2021,14_4,0,0,0,562.9492895,52.21014493,78,93,115
211,14,2020,14_5,0,0,0,573.4186006,47.5,77,101,125
212,14,2021,14_5,0,0,0,573.4186006,47.5,78,93,115
213,14,2020,14_6,0,0,0,605.125405,43.43065693,77,101,125
214,14,2021,14_6,0,0,0,605.125405,43.43065693,78,93,115
215,14,2020,14_7,0,0,0,684.9882804,73.52941176,77,101,125
216,14,2021,14_7,0,0,0,684.9882804,73.52941176,78,93,115
217,14,2020,14_8,0,0,0,698.1318757,83.47826087,77,101,125
218,14,2021,14_8,0,0,0,698.1318757,83.47826087,78,93,115
219,14,2020,14_9,0,0,0,749.8365381,84.41605839,77,101,125
220,14,2021,14_9,0,0,0,749.8365381,84.41605839,78,93,115
221,145,2020,145_1,0,0,0,700.2971699,85,88,109,136
222,145,2021,145_1,0,0,0,700.2971699,85,79,103,113
223,145,2020,145_10,0,0,0,665.9853906,79.24460432,88,109,136
224,145,2021,145_10,0,0,0,665.9853906,79.24460432,79,103,113
225,145,2020,145_11,0,0,0,707.5801926,84.70588235,88,109,136
226,145,2021,145_11,0,0,0,707.5801926,84.70588235,79,103,113
227,145,2020,145_12,0,0,0,752.6238443,84.28571429,88,109,136
228,145,2021,145_12,0,0,0,752.6238443,84.28571429,79,103,113
229,145,2020,145_13,0,0,0,787.3563237,83.20143885,88,109,136
230,145,2021,145_13,0,0,0,787.3563237,83.20143885,79,103,113
231,145,2020,145_14,0,0,0,780.1357943,85,88,109,136
232,145,2021,145_14,0,0,0,780.1357943,85,79,103,113
233,145,2020,145_2,0,0,0,684.4922328,83.45588235,88,109,136
234,145,2021,145_2,0,0,0,684.4922328,83.45588235,79,103,113
235,145,2020,145_3,0,0,0,672.0700198,82.29927007,88,109,136
236,145,2021,145_3,0,0,0,672.0700198,82.29927007,79,103,113
237,145,2020,145_4,0,0,0,669.4979761,78.04347826,88,109,136
238,145,2021,145_4,0,0,0,669.4979761,78.04347826,79,103,113
239,145,2020,145_5,0,0,0,631.3971041,69.37956204,88,109,136
240,145,2021,145_5,0,0,0,631.3971041,69.37956204,79,103,113
241,145,2020,145_6,0,0,0,666.2094538,70.51470588,88,109,136
242,145,2021,145_6,0,0,0,666.2094538,70.51470588,79,103,113
243,145,2020,145_7,0,0,0,654.1461177,54.92753623,88,109,136
244,145,2021,145_7,0,0,0,654.1461177,54.92753623,79,103,113
245,145,2020,145_8,0,0,0,631.5572965,58.76811594,88,109,136
246,145,2021,145_8,0,0,0,631.5572965,58.76811594,79,103,113
247,145,2020,145_9,0,0,0,648.9913464,76.27659574,88,109,136
248,145,2021,145_9,0,0,0,648.9913464,76.27659574,79,103,113
249,15,2020,15_1,0,0,0,565.240759,45.55147059,72,97,120
250,15,2021,15_1,0,0,0,565.240759,45.55147059,94,133,141
251,15,2020,15_2,0,0,0,560.5386074,13.65942029,72,97,120
252,15,2021,15_2,0,0,0,560.5386074,13.65942029,79,94,133
253,15,2020,15_3,0,0,0,544.6948572,30.18248175,72,97,120
254,15,2021,15_3,0,0,0,544.6948572,30.18248175,79,94,133
255,15,2020,15_4,0,0,0,570.2377633,47.83088235,72,97,120
256,15,2021,15_4,0,0,0,570.2377633,47.83088235,79,94,133
257,15,2020,15_5,0,0,0,600.5107068,82.68115942,72,97,120
258,15,2021,15_5,0,0,0,600.5107068,82.68115942,79,94,133
259,15,2020,15_6,0,0,0,640.717984,84.56521739,72,97,120
260,15,2021,15_6,0,0,0,640.717984,84.56521739,79,94,133
261,15,2020,15_7,0,0,0,681.8585403,82.35294118,72,97,120
262,15,2021,15_7,0,0,0,681.8585403,82.35294118,79,94,133
263,15,2020,15_8,0,0,0,665.5967577,79.01459854,72,97,120
264,15,2021,15_8,0,0,0,665.5967577,79.01459854,79,94,133
265,15,2020,15_9,0,0,0,661.5027859,83.69565217,72,97,120
266,15,2021,15_9,0,0,0,661.5027859,83.69565217,79,94,133
267,16,2020,16_1,0,0,0,718.6443194,62.93478261,88,109,139
268,16,2021,16_1,0,0,0,718.6443194,62.93478261,83,97,119
269,16,2020,16_2,0,0,0,703.5120612,72.01438849,88,109,139
270,16,2021,16_2,0,0,0,703.5120612,72.01438849,83,97,119
271,16,2020,16_3,0,0,0,674.1946148,49.81751825,88,109,139
272,16,2021,16_3,0,0,0,674.1946148,49.81751825,83,97,119
273,16,2020,16_4,0,0,0,680.1222384,59.20289855,88,109,139
274,16,2021,16_4,0,0,0,680.1222384,59.20289855,83,97,119
275,16,2020,16_5,0,0,0,626.3852811,56.24087591,88,109,139
276,16,2021,16_5,0,0,0,626.3852811,56.24087591,83,97,119
277,16,2020,16_6,0,0,0,585.365417,56.33333333,88,109,139
278,16,2021,16_6,0,0,0,585.365417,56.33333333,83,97,119
279,16,2020,16_7,0,0,0,594.6167603,72.31617647,88,109,139
280,16,2021,16_7,0,0,0,594.6167603,72.31617647,83,97,119
281,16,2020,16_8,0,0,0,602.9324247,43.86861314,88,109,139
282,16,2021,16_8,0,0,0,602.9324247,43.86861314,83,97,119
283,16,2020,16_9,0,0,0,664.5079212,84.48905109,88,109,139
284,16,2021,16_9,0,0,0,664.5079212,84.48905109,83,97,119
285,165,2020,165_1,0,0,0,426.8822917,70.86330935,80,113,140
286,165,2021,165_1,0,0,0,426.8822917,70.86330935,79,95,109
287,165,2020,165_10,0,0,0,388.5226824,74.08759124,80,113,140
288,165,2021,165_10,0,0,0,388.5226824,74.08759124,79,95,109
289,165,2020,165_11,0,0,0,378.8742954,75.65693431,80,113,140
290,165,2021,165_11,0,0,0,378.8742954,75.65693431,79,95,109
291,165,2020,165_12,0,0,0,361.0512153,71.64179104,80,113,140
292,165,2021,165_12,0,0,0,361.0512153,71.64179104,79,95,109
293,165,2020,165_2,0,0,0,440.3612049,74.30656934,80,113,140
294,165,2021,165_2,0,0,0,440.3612049,74.30656934,79,95,109
295,165,2020,165_3,0,0,0,445.9336385,60.97122302,80,113,140
296,165,2021,165_3,0,0,0,445.9336385,60.97122302,79,95,109
297,165,2020,165_4,0,0,0,427.3714401,72.77372263,80,113,140
298,165,2021,165_4,0,0,0,427.3714401,72.77372263,79,95,109
299,165,2020,165_5,0,0,0,402.9166104,80.62043796,80,113,140
300,165,2021,165_5,0,0,0,402.9166104,80.62043796,79,95,109
301,165,2020,165_6,0,0,0,375.2625804,78.75912409,80,113,140
302,165,2021,165_6,0,0,0,375.2625804,78.75912409,79,95,109
303,165,2020,165_7,0,0,0,401.8594843,77.20588235,80,113,140
304,165,2021,165_7,0,0,0,401.8594843,77.20588235,79,95,109
305,165,2020,165_8,0,0,0,414.6028759,70.28776978,80,113,140
306,165,2021,165_8,0,0,0,414.6028759,70.28776978,79,95,109
307,165,2020,165_9,0,0,0,386.3639166,75.28985507,80,113,140
308,165,2021,165_9,0,0,0,386.3639166,75.28985507,79,95,109
309,172,2020,172_1,0,0,0,883.8917117,84.27536232,86,107,135
310,172,2021,172_1,0,0,0,883.8917117,84.27536232,80,104,136
311,172,2020,172_10,0,0,0,933.97948,84.7037037,86,107,135
312,172,2021,172_10,0,0,0,933.97948,84.7037037,80,104,136
313,172,2020,172_11,0,0,0,987.1051645,84.49640288,86,107,135
314,172,2021,172_11,0,0,0,987.1051645,84.49640288,80,104,136
315,172,2020,172_12,0,0,0,1049.416721,80,86,107,135
316,172,2021,172_12,0,0,0,1049.416721,80,52,104,136
317,172,2020,172_13,0,0,0,1041.867413,81.17647059,86,107,135
318,172,2021,172_13,0,0,0,1041.867413,81.17647059,52,104,136
319,172,2020,172_2,0,0,0,905.2438983,84.34782609,86,107,135
320,172,2021,172_2,0,0,0,905.2438983,84.34782609,80,104,136
321,172,2020,172_3,1,1,0,936.4465836,84.42028986,86,107,135
322,172,2021,172_3,0,0,0,936.4465836,84.42028986,52,104,136
323,172,2020,172_4,0,0,0,949.4143231,83.39416058,86,107,135
324,172,2021,172_4,0,0,0,949.4143231,83.39416058,52,104,136
325,172,2020,172_5,0,0,0,941.3082098,83.26086957,86,107,135
326,172,2021,172_5,0,0,0,941.3082098,83.26086957,52,104,136
327,172,2020,172_6,0,0,0,950.9477927,83.86861314,86,107,135
328,172,2021,172_6,0,0,0,950.9477927,83.86861314,52,104,136
329,172,2020,172_7,0,0,0,962.0026705,84.7826087,86,107,135
330,172,2021,172_7,0,0,0,962.0026705,84.7826087,52,104,136
331,172,2020,172_8,0,0,0,941.7284357,83.23529412,86,107,135
332,172,2021,172_8,0,1,0,941.7284357,83.23529412,80,104,136
333,172,2020,172_9,0,0,0,950.4281984,84.85294118,86,107,135
334,172,2021,172_9,0,0,0,950.4281984,84.85294118,52,104,136
335,182,2020,182_1,0,0,0,467.2035341,36.01449275,80,101,127
336,182,2021,182_1,0,0,0,467.2035341,36.01449275,63,92,109
337,182,2020,182_2,0,0,0,453.3768093,35.80882353,80,101,127
338,182,2021,182_2,0,0,0,453.3768093,35.80882353,63,92,109
339,182,2020,182_3,0,0,0,421.730996,22.77372263,80,101,127
340,182,2021,182_3,0,0,0,421.730996,22.77372263,63,92,109
341,182,2020,182_4,0,0,0,419.1690696,26.65441176,80,101,127
342,182,2021,182_4,0,0,0,419.1690696,26.65441176,63,92,109
343,182,2020,182_5,0,0,0,437.4492748,23.67647059,80,101,127
344,182,2021,182_5,0,0,0,437.4492748,23.67647059,63,92,109
345,182,2020,182_6,0,0,0,471.5857732,45,80,101,127
346,182,2021,182_6,0,0,0,471.5857732,45,63,92,109
347,182,2020,182_7,0,0,0,477.4268917,65.60714286,80,101,127
348,182,2021,182_7,0,0,0,477.4268917,65.60714286,63,92,109
349,182,2020,182_8,0,0,0,496.3107753,53.76811594,80,101,127
350,182,2021,182_8,0,0,0,496.3107753,53.76811594,63,92,109
351,182,2020,182_9,0,0,0,550.4685797,65.84558824,80,101,127
352,182,2021,182_9,0,0,0,550.4685797,65.84558824,63,92,109
353,183,2020,183_1,0,0,0,478.9694842,64.11764706,82,102,128
354,183,2021,183_1,0,0,0,478.9694842,64.11764706,64,91,109
355,183,2020,183_2,0,0,0,451.2264189,60.07352941,82,102,128
356,183,2021,183_2,0,0,0,451.2264189,60.07352941,64,91,109
357,183,2020,183_3,0,0,0,445.1794142,60.14705882,82,102,128
358,183,2021,183_3,0,0,0,445.1794142,60.14705882,64,91,109
359,183,2020,183_4,0,0,0,448.2695196,65.03546099,82,102,128
360,183,2021,183_4,0,0,0,448.2695196,65.03546099,64,91,109
361,183,2020,183_5,0,0,0,447.2217259,56.60714286,82,102,128
362,183,2021,183_5,0,0,0,447.2217259,56.60714286,64,91,109
363,183,2020,183_6,0,0,0,425.6121131,23.06569343,82,102,128
364,183,2021,183_6,0,0,0,425.6121131,23.06569343,64,91,109
365,183,2020,183_7,0,0,0,429.0692979,41.63043478,82,102,128
366,183,2021,183_7,0,0,0,429.0692979,41.63043478,64,91,109
367,183,2020,183_8,0,0,0,439.9964373,55.67857143,82,102,128
368,183,2021,183_8,0,0,0,439.9964373,55.67857143,64,91,109
369,184,2020,184_1,0,0,0,420.63214,71.52173913,85,105,129
370,184,2021,184_1,0,0,0,420.63214,71.52173913,65,87,107
371,184,2020,184_10,0,0,0,445.2728857,70.91240876,85,105,129
372,184,2021,184_10,0,0,0,445.2728857,70.91240876,65,87,107
373,184,2020,184_2,0,0,0,461.7297871,55.47445255,85,105,129
374,184,2021,184_2,0,0,0,461.7297871,55.47445255,65,87,107
375,184,2020,184_3,0,0,0,463.3790024,18.76811594,85,105,129
376,184,2021,184_3,0,0,0,463.3790024,18.76811594,65,87,107
377,184,2020,184_4,0,0,0,471.5209393,16.83823529,85,105,129
378,184,2021,184_4,0,0,0,471.5209393,16.83823529,65,87,107
379,184,2020,184_5,0,0,0,467.5711554,45.40145985,85,105,129
380,184,2021,184_5,0,0,0,467.5711554,45.40145985,65,87,107
381,184,2020,184_6,0,0,0,464.2115869,47.91366906,85,105,129
382,184,2021,184_6,0,0,0,464.2115869,47.91366906,65,87,107
383,184,2020,184_7,0,0,0,466.2697256,51.17647059,85,105,129
384,184,2021,184_7,0,0,0,466.2697256,51.17647059,65,87,107
385,184,2020,184_8,0,0,0,463.1060873,74.0942029,85,105,129
386,184,2021,184_8,0,0,0,463.1060873,74.0942029,65,87,107
387,184,2020,184_9,0,0,0,452.1639496,62.96428571,85,105,129
388,184,2021,184_9,0,0,0,452.1639496,62.96428571,65,87,107
389,19,2020,19_1,0,0,0,693.9931318,28.33333333,75,99,124
390,19,2021,19_1,0,0,0,693.9931318,28.33333333,76,96,111
391,19,2020,19_2,0,0,0,692.3640289,48.08823529,75,99,124
392,19,2021,19_2,0,0,0,692.3640289,48.08823529,76,96,111
393,19,2020,19_3,0,0,0,661.4289672,22.68382353,75,99,124
394,19,2021,19_3,0,0,0,661.4289672,22.68382353,76,96,111
395,19,2020,19_4,0,0,0,682.9287,51.51079137,75,99,124
396,19,2021,19_4,0,0,0,682.9287,51.51079137,76,96,111
397,19,2020,19_5,0,0,0,687.4559923,39.48905109,75,99,124
398,19,2021,19_5,0,0,0,687.4559923,39.48905109,76,96,111
399,19,2020,19_6,0,0,0,705.9010424,16.75182482,75,99,124
400,19,2021,19_6,0,0,0,705.9010424,16.75182482,76,96,111
401,19,2020,19_7,0,0,0,817.561462,72.88321168,75,99,124
402,19,2021,19_7,0,0,0,817.561462,72.88321168,76,96,111
403,19,2020,19_8,0,0,0,933.253366,72.19858156,75,99,124
404,19,2021,19_8,0,0,0,933.253366,72.19858156,76,96,111
405,194,2020,194_1,0,0,0,439.7766142,48.34532374,79,112,127
406,194,2021,194_1,0,0,0,439.7766142,48.34532374,78,94,110
407,194,2020,194_10,0,0,0,424.6421913,61.12318841,79,112,127
408,194,2021,194_10,0,0,0,424.6421913,61.12318841,78,94,110
409,194,2020,194_2,0,0,0,468.9117643,55.33088235,79,112,127
410,194,2021,194_2,0,0,0,468.9117643,55.33088235,78,94,110
411,194,2020,194_3,0,0,0,476.4542152,54.71014493,79,112,127
412,194,2021,194_3,0,0,0,476.4542152,54.71014493,78,94,110
413,194,2020,194_4,0,0,0,468.1928637,37.71428571,79,112,127
414,194,2021,194_4,0,0,0,468.1928637,37.71428571,78,94,110
415,194,2020,194_5,0,0,0,478.5299756,63.4057971,79,112,127
416,194,2021,194_5,0,0,0,478.5299756,63.4057971,78,94,110
417,194,2020,194_6,0,0,0,476.6799613,50.1459854,79,112,127
418,194,2021,194_6,0,0,0,476.6799613,50.1459854,78,94,110
419,194,2020,194_7,0,0,0,454.6263459,60.18382353,79,112,127
420,194,2021,194_7,0,0,0,454.6263459,60.18382353,78,94,110
421,194,2020,194_8,0,0,0,459.3656331,65.64748201,79,112,127
422,194,2021,194_8,0,0,0,459.3656331,65.64748201,78,94,110
423,194,2020,194_9,0,0,0,448.8654181,66.95652174,79,112,127
424,194,2021,194_9,0,0,0,448.8654181,66.95652174,78,94,110
425,199,2020,199_1,0,0,0,591.7719464,84.9270073,87,108,139
426,199,2021,199_1,0,0,0,591.7719464,84.9270073,85,103,135
427,199,2020,199_10,0,0,0,926.8481441,75.43165468,87,108,139
428,199,2021,199_10,0,0,0,926.8481441,75.43165468,85,103,135
429,199,2020,199_2,0,0,0,590.1438509,77.94117647,87,108,139
430,199,2021,199_2,0,0,0,590.1438509,77.94117647,85,103,135
431,199,2020,199_3,0,0,0,604.0709381,77.16911765,87,108,139
432,199,2021,199_3,0,0,0,604.0709381,77.16911765,85,103,135
433,199,2020,199_4,0,0,0,623.0794546,75.50359712,87,108,139
434,199,2021,199_4,0,0,0,623.0794546,75.50359712,85,103,135
435,199,2020,199_5,0,0,0,677.6718877,66.76258993,87,108,139
436,199,2021,199_5,0,0,0,677.6718877,66.76258993,85,103,135
437,199,2020,199_6,0,0,0,746.2571285,76.10294118,87,108,139
438,199,2021,199_6,0,0,0,746.2571285,76.10294118,85,103,135
439,199,2020,199_7,0,0,0,790.2743557,74.45652174,87,108,139
440,199,2021,199_7,0,0,0,790.2743557,74.45652174,85,103,135
441,199,2020,199_8,0,0,0,843.2356207,82.08029197,87,108,139
442,199,2021,199_8,0,0,0,843.2356207,82.08029197,85,103,135
443,199,2020,199_9,0,0,0,881.6238444,73.60294118,87,108,139
444,199,2021,199_9,0,0,0,881.6238444,73.60294118,85,103,135
445,20,2020,20_1,0,0,0,791.2514772,70.61594203,80,107,134
446,20,2021,20_1,0,0,0,791.2514772,70.61594203,73,104,137
447,20,2020,20_10,0,0,0,805.9221594,72.60869565,80,107,134
448,20,2021,20_10,0,0,0,805.9221594,72.60869565,73,104,137
449,20,2020,20_11,0,0,0,842.4222794,75.36764706,80,107,134
450,20,2021,20_11,0,0,0,842.4222794,75.36764706,73,104,137
451,20,2020,20_12,0,0,0,864.9029815,76.25,80,107,134
452,20,2021,20_12,0,0,0,864.9029815,76.25,104,137,NA
453,20,2020,20_2,0,0,0,770.0473758,74.5620438,80,107,134
454,20,2021,20_2,0,0,0,770.0473758,74.5620438,73,104,137
455,20,2020,20_3,0,0,0,749.2967447,41.06382979,80,107,134
456,20,2021,20_3,0,0,0,749.2967447,41.06382979,73,104,137
457,20,2020,20_4,0,0,0,743.8050706,36.38686131,80,107,134
458,20,2021,20_4,0,0,0,743.8050706,36.38686131,73,104,137
459,20,2020,20_5,0,0,0,748.4827788,59.02173913,80,107,134
460,20,2021,20_5,0,0,0,748.4827788,59.02173913,73,104,137
461,20,2020,20_6,0,0,0,746.2600159,75.39285714,80,107,134
462,20,2021,20_6,0,0,0,746.2600159,75.39285714,104,137,141
463,20,2020,20_7,0,0,0,729.4348126,78.14814815,80,107,134
464,20,2021,20_7,0,0,0,729.4348126,78.14814815,73,104,137
465,20,2020,20_8,0,0,0,765.216518,76.53284672,80,107,134
466,20,2021,20_8,0,0,0,765.216518,76.53284672,73,104,137
467,20,2020,20_9,0,0,0,781.5918696,80.70921986,80,107,134
468,20,2021,20_9,0,0,0,781.5918696,80.70921986,73,104,137
469,201,2020,201_1,0,0,0,512.903188,67.37226277,85,105,NA
470,201,2021,201_1,0,0,0,512.903188,67.37226277,87,97,133
471,201,2020,201_10,0,0,0,536.3840916,66.92028986,85,105,138
472,201,2021,201_10,0,0,0,536.3840916,66.92028986,87,97,133
473,201,2020,201_11,0,0,0,536.7835899,83.1884058,85,105,138
474,201,2021,201_11,0,0,0,536.7835899,83.1884058,87,97,133
475,201,2020,201_12,0,0,0,531.0809611,80.40740741,85,105,138
476,201,2021,201_12,0,0,0,531.0809611,80.40740741,87,97,133
477,201,2020,201_13,0,0,0,526.2301431,79.78571429,85,105,138
478,201,2021,201_13,0,0,0,526.2301431,79.78571429,87,97,133
479,201,2020,201_14,0,0,0,500.2814789,83.11594203,85,105,138
480,201,2021,201_14,0,0,0,500.2814789,83.11594203,87,97,133
481,201,2020,201_2,0,0,0,515.1818534,39.96323529,85,105,138
482,201,2021,201_2,0,0,0,515.1818534,39.96323529,87,97,133
483,201,2020,201_3,0,0,0,520.3703306,71.54411765,85,105,138
484,201,2021,201_3,0,0,0,520.3703306,71.54411765,87,97,133
485,201,2020,201_4,0,0,0,560.3941682,59.27007299,85,105,138
486,201,2021,201_4,0,0,0,560.3941682,59.27007299,97,133,NA
487,201,2020,201_5,0,0,0,536.7319262,69.15441176,85,105,138
488,201,2021,201_5,0,0,0,536.7319262,69.15441176,87,97,133
489,201,2020,201_6,0,0,0,488.1506657,57.24264706,85,105,138
490,201,2021,201_6,0,0,0,488.1506657,57.24264706,87,97,133
491,201,2020,201_7,0,0,0,485.030325,70.66176471,85,105,138
492,201,2021,201_7,0,0,0,485.030325,70.66176471,87,97,133
493,201,2020,201_8,0,0,0,508.1119534,68.64963504,85,105,138
494,201,2021,201_8,0,0,0,508.1119534,68.64963504,87,97,133
495,201,2020,201_9,0,0,0,524.8303313,70.53956835,85,105,138
496,201,2021,201_9,0,0,0,524.8303313,70.53956835,87,97,133
497,204,2020,204_1,0,0,0,511.9207303,19.23357664,73,96,115
498,204,2021,204_1,0,0,0,511.9207303,19.23357664,69,88,109
499,204,2020,204_10,0,0,0,457.8378576,53.05147059,73,96,115
500,204,2021,204_10,0,0,0,457.8378576,53.05147059,69,88,109
501,204,2020,204_11,0,0,0,439.4566672,57.08633094,73,96,115
502,204,2021,204_11,0,0,0,439.4566672,57.08633094,69,88,109
503,204,2020,204_12,0,0,0,443.728694,45.03676471,73,96,115
504,204,2021,204_12,0,0,0,443.728694,45.03676471,69,88,109
505,204,2020,204_2,0,0,0,501.1995922,60.2962963,73,96,115
506,204,2021,204_2,0,0,0,501.1995922,60.2962963,69,88,109
507,204,2020,204_3,0,0,0,477.6669208,48.27205882,73,96,115
508,204,2021,204_3,0,0,0,477.6669208,48.27205882,69,88,109
509,204,2020,204_4,0,0,0,508.6433426,66.875,73,96,115
510,204,2021,204_4,0,0,0,508.6433426,66.875,69,87,88
511,204,2020,204_5,0,0,0,470.4408406,67.31617647,73,96,115
512,204,2021,204_5,0,0,0,470.4408406,67.31617647,69,88,109
513,204,2020,204_6,0,0,0,476.7941253,74.27007299,73,96,115
514,204,2021,204_6,0,0,0,476.7941253,74.27007299,69,88,109
515,204,2020,204_7,0,0,0,493.0298469,38.10218978,73,96,115
516,204,2021,204_7,0,0,0,493.0298469,38.10218978,69,88,109
517,204,2020,204_8,0,0,0,478.1976433,21.55797101,73,96,115
518,204,2021,204_8,0,0,0,478.1976433,21.55797101,69,88,109
519,204,2020,204_9,0,0,0,475.8069285,67.68382353,73,96,115
520,204,2021,204_9,0,0,0,475.8069285,67.68382353,69,88,109
521,21,2020,21_1,0,0,0,1007.299554,62.03703704,88,108,135
522,21,2021,21_1,0,0,0,1007.299554,62.03703704,72,105,118
523,21,2020,21_10,0,0,0,911.9803843,80,88,108,135
524,21,2021,21_10,0,0,0,911.9803843,80,72,105,118
525,21,2020,21_11,0,0,0,1000.564399,76.07913669,88,108,135
526,21,2021,21_11,0,0,0,1000.564399,76.07913669,72,105,118
527,21,2020,21_2,0,0,0,948.9891335,76.72661871,88,108,135
528,21,2021,21_2,0,0,0,948.9891335,76.72661871,72,105,118
529,21,2020,21_3,0,0,0,908.5265232,67.03703704,88,108,135
530,21,2021,21_3,0,0,0,908.5265232,67.03703704,72,105,118
531,21,2020,21_4,0,1,0,862.1213789,64.9270073,88,108,135
532,21,2021,21_4,0,0,0,862.1213789,64.9270073,72,105,118
533,21,2020,21_5,0,0,0,854.4246459,67.53623188,88,108,135
534,21,2021,21_5,0,0,0,854.4246459,67.53623188,72,105,118
535,21,2020,21_6,0,0,0,812.4562864,62.73722628,88,108,135
536,21,2021,21_6,0,0,0,812.4562864,62.73722628,72,105,118
537,21,2020,21_7,0,0,0,824.2136886,79.11764706,88,108,135
538,21,2021,21_7,0,1,0,824.2136886,79.11764706,72,105,118
539,21,2020,21_8,0,1,0,865.7763889,77.51851852,88,108,135
540,21,2021,21_8,0,0,0,865.7763889,77.51851852,72,105,118
541,21,2020,21_9,0,0,0,874.7979994,66.25,88,108,135
542,21,2021,21_9,0,0,0,874.7979994,66.25,72,105,118
543,223,2020,223_1,0,0,0,501.84442,60.55147059,87,106,134
544,223,2021,223_1,0,0,0,501.84442,60.55147059,80,95,112
545,223,2020,223_10,0,0,0,530.8408816,49.70588235,87,106,134
546,223,2021,223_10,0,0,0,530.8408816,49.70588235,80,95,112
547,223,2020,223_11,0,0,0,564.319355,79.68085106,87,106,134
548,223,2021,223_11,0,0,0,564.319355,79.68085106,80,95,112
549,223,2020,223_2,0,0,0,486.4842797,64.42028986,87,106,134
550,223,2021,223_2,0,0,0,486.4842797,64.42028986,80,95,112
551,223,2020,223_3,0,0,0,510.296833,66.73913043,87,106,134
552,223,2021,223_3,0,0,0,510.296833,66.73913043,80,95,112
553,223,2020,223_4,0,0,0,546.9597889,73.51449275,87,106,NA
554,223,2021,223_4,0,0,0,546.9597889,73.51449275,80,112,NA
555,223,2020,223_5,0,0,0,508.5537011,82.99270073,87,106,NA
556,223,2021,223_5,0,0,0,508.5537011,82.99270073,80,112,NA
557,223,2020,223_6,0,0,0,556.0957214,72.35714286,87,106,134
558,223,2021,223_6,0,0,0,556.0957214,72.35714286,80,95,112
559,223,2020,223_7,0,0,0,563.190219,50.72992701,87,106,134
560,223,2021,223_7,0,0,0,563.190219,50.72992701,80,95,112
561,223,2020,223_8,0,0,0,522.9294465,68.22463768,87,106,134
562,223,2021,223_8,0,0,0,522.9294465,68.22463768,80,95,112
563,223,2020,223_9,0,0,0,507.1722976,62.89855072,87,106,134
564,223,2021,223_9,0,0,0,507.1722976,62.89855072,80,95,112
565,23,2020,23_1,0,0,0,664.488542,39.64285714,64,90,113
566,23,2021,23_1,0,0,0,664.488542,39.64285714,80,101,128
567,23,2020,23_10,0,0,0,1021.665978,84.7080292,90,113,NA
568,23,2021,23_10,0,0,0,1021.665978,84.7080292,80,101,128
569,23,2020,23_2,0,0,0,693.3636806,53.44202899,64,90,113
570,23,2021,23_2,0,0,0,693.3636806,53.44202899,80,101,128
571,23,2020,23_3,1,0,0,741.4262501,84.34782609,64,90,113
572,23,2021,23_3,0,0,0,741.4262501,84.34782609,80,101,128
573,23,2020,23_4,0,0,0,832.2790137,84.70588235,64,90,113
574,23,2021,23_4,0,0,0,832.2790137,84.70588235,80,101,128
575,23,2020,23_5,0,0,0,872.4623992,85,64,90,113
576,23,2021,23_5,0,0,0,872.4623992,85,80,101,128
577,23,2020,23_6,0,0,0,957.3482069,84.40740741,64,90,113
578,23,2021,23_6,0,0,0,957.3482069,84.40740741,80,101,128
579,23,2020,23_7,0,0,0,957.3482069,84.40740741,64,90,113
580,23,2021,23_7,0,0,0,957.3482069,84.40740741,80,101,128
581,23,2020,23_8,0,0,1,953.0599851,83.46715328,64,90,113
582,23,2021,23_8,0,1,1,953.0599851,83.46715328,80,101,128
583,23,2020,23_9,0,0,0,983.7969418,84.56521739,64,90,113
584,23,2021,23_9,0,0,0,983.7969418,84.56521739,80,101,128
585,231,2020,231_1,0,0,0,420.238787,66.70289855,67,93,109
586,231,2021,231_1,0,0,0,420.238787,66.70289855,68,89,124
587,231,2020,231_10,0,0,0,437.5204004,31.13138686,67,93,109
588,231,2021,231_10,0,0,0,437.5204004,31.13138686,68,89,124
589,231,2020,231_2,0,0,0,388.2953597,51,67,93,109
590,231,2021,231_2,0,0,0,388.2953597,51,68,89,124
591,231,2020,231_3,0,0,0,411.4040213,58.36956522,67,93,109
592,231,2021,231_3,0,0,0,411.4040213,58.36956522,68,89,124
593,231,2020,231_4,0,0,0,433.4372074,57.90441176,67,93,109
594,231,2021,231_4,0,0,0,433.4372074,57.90441176,68,89,124
595,231,2020,231_5,0,0,0,473.865879,36.12318841,67,93,109
596,231,2021,231_5,0,0,0,473.865879,36.12318841,68,89,124
597,231,2020,231_6,0,0,0,452.4187147,59.28571429,67,93,109
598,231,2021,231_6,0,0,0,452.4187147,59.28571429,68,89,124
599,231,2020,231_7,0,0,0,413.1939255,66.43382353,67,93,109
600,231,2021,231_7,0,0,0,413.1939255,66.43382353,68,124,NA
601,231,2020,231_8,0,0,0,435.4607019,67.23021583,67,93,109
602,231,2021,231_8,0,0,0,435.4607019,67.23021583,68,89,124
603,231,2020,231_9,0,0,0,444.3831103,47.00729927,67,93,109
604,231,2021,231_9,0,0,0,444.3831103,47.00729927,68,89,124
605,24,2020,24_1,0,0,0,1119.660969,52.53676471,71,97,119
606,24,2021,24_1,0,0,0,1119.660969,52.53676471,88,104,133
607,24,2020,24_10,0,0,0,788.9270967,69.02985075,71,97,119
608,24,2021,24_10,0,0,0,788.9270967,69.02985075,88,104,133
609,24,2020,24_11,0,0,0,755.1717716,75.80291971,71,97,119
610,24,2021,24_11,0,0,0,755.1717716,75.80291971,88,104,133
611,24,2020,24_12,0,0,0,771.0172573,78.14285714,71,97,119
612,24,2021,24_12,0,0,0,771.0172573,78.14285714,88,104,133
613,24,2020,24_2,0,0,0,1115.955788,52.2826087,71,97,119
614,24,2021,24_2,0,0,0,1115.955788,52.2826087,104,133,140
615,24,2020,24_3,0,0,0,1094.447871,16.64179104,71,97,119
616,24,2021,24_3,0,0,0,1094.447871,16.64179104,88,104,133
617,24,2020,24_4,0,0,0,1085.598373,59.26470588,71,97,119
618,24,2021,24_4,0,0,0,1085.598373,59.26470588,88,104,133
619,24,2020,24_5,0,0,1,1032.807702,72.05882353,71,97,119
620,24,2021,24_5,0,0,0,1032.807702,72.05882353,88,104,133
621,24,2020,24_6,0,0,0,977.5765417,75.33088235,71,97,119
622,24,2021,24_6,0,0,0,977.5765417,75.33088235,88,104,133
623,24,2020,24_7,0,0,0,905.6510474,76.88405797,71,97,119
624,24,2021,24_7,0,0,0,905.6510474,76.88405797,88,104,133
625,24,2020,24_8,0,0,0,882.994624,78.32116788,71,97,119
626,24,2021,24_8,0,0,0,882.994624,78.32116788,88,104,133
627,24,2020,24_9,0,0,0,853.497632,81.5942029,71,97,119
628,24,2021,24_9,0,0,0,853.497632,81.5942029,88,104,133
629,252,2020,252_1,0,0,0,532.8510711,80.36764706,82,102,128
630,252,2021,252_1,0,0,0,532.8510711,80.36764706,82,93,112
631,252,2020,252_10,0,0,0,444.5080077,50,82,102,128
632,252,2021,252_10,0,0,0,444.5080077,50,82,93,112
633,252,2020,252_2,0,0,0,492.0266553,75.80882353,82,102,128
634,252,2021,252_2,0,0,0,492.0266553,75.80882353,82,93,112
635,252,2020,252_3,0,0,0,492.253498,68.55072464,82,102,128
636,252,2021,252_3,0,0,0,492.253498,68.55072464,82,93,112
637,252,2020,252_4,0,0,0,493.9171341,74.19708029,82,102,128
638,252,2021,252_4,0,0,0,493.9171341,74.19708029,82,93,112
639,252,2020,252_5,0,0,0,517.0769586,84.11764706,82,102,128
640,252,2021,252_5,0,0,0,517.0769586,84.11764706,82,93,112
641,252,2020,252_6,0,0,0,505.1829248,84.26470588,82,102,128
642,252,2021,252_6,0,0,0,505.1829248,84.26470588,82,93,112
643,252,2020,252_7,0,0,0,486.726788,81.25,82,102,128
644,252,2021,252_7,0,0,0,486.726788,81.25,82,93,112
645,252,2020,252_8,0,0,0,487.5469017,70.91240876,82,102,128
646,252,2021,252_8,0,0,0,487.5469017,70.91240876,82,93,112
647,252,2020,252_9,0,0,0,464.9639608,63.08823529,82,102,128
648,252,2021,252_9,0,0,0,464.9639608,63.08823529,82,93,112
649,254,2020,254_1,0,0,0,441.3089047,54.67391304,84,104,132
650,254,2021,254_1,0,0,0,441.3089047,54.67391304,85,99,115
651,254,2020,254_10,0,0,0,451.0074391,55.73529412,104,132,NA
652,254,2021,254_10,0,0,0,451.0074391,55.73529412,85,99,115
653,254,2020,254_2,0,0,0,443.7100392,48.00724638,84,104,132
654,254,2021,254_2,0,0,0,443.7100392,48.00724638,85,99,115
655,254,2020,254_3,0,0,0,456.0876648,60.28169014,84,104,132
656,254,2021,254_3,0,0,0,456.0876648,60.28169014,85,99,115
657,254,2020,254_4,0,0,0,460.9268056,43.47826087,84,104,132
658,254,2021,254_4,0,0,0,460.9268056,43.47826087,85,99,115
659,254,2020,254_5,0,0,0,482.0038324,47.72058824,84,104,132
660,254,2021,254_5,0,0,0,482.0038324,47.72058824,85,99,115
661,254,2020,254_6,0,0,0,495.1463187,35.07246377,84,104,132
662,254,2021,254_6,0,0,0,495.1463187,35.07246377,99,115,NA
663,254,2020,254_7,0,0,0,526.1293167,40.10869565,84,104,132
664,254,2021,254_7,0,0,0,526.1293167,40.10869565,85,99,115
665,254,2020,254_8,0,0,0,482.5266096,58.29710145,84,104,132
666,254,2021,254_8,0,0,0,482.5266096,58.29710145,85,99,115
667,254,2020,254_9,0,0,0,445.5975878,18,104,132,NA
668,254,2021,254_9,0,0,0,445.5975878,18,85,99,115
669,256,2020,256_1,0,0,0,435.4007498,64.35251799,78,99,124
670,256,2021,256_1,0,0,0,435.4007498,64.35251799,72,96,126
671,256,2020,256_10,0,0,0,460.1754083,80,78,99,124
672,256,2021,256_10,0,0,0,460.1754083,80,72,96,126
673,256,2020,256_11,0,0,0,460.503117,52.89855072,78,99,124
674,256,2021,256_11,0,0,0,460.503117,52.89855072,72,96,126
675,256,2020,256_2,0,0,0,388.0366189,71.56934307,78,99,124
676,256,2021,256_2,0,0,0,388.0366189,71.56934307,72,96,126
677,256,2020,256_3,0,0,0,419.6960732,68.73188406,78,99,124
678,256,2021,256_3,0,0,0,419.6960732,68.73188406,72,96,126
679,256,2020,256_4,0,0,0,427.9011404,42.91970803,78,99,124
680,256,2021,256_4,0,0,0,427.9011404,42.91970803,72,96,126
681,256,2020,256_5,0,0,0,447.5669881,64.74820144,78,99,124
682,256,2021,256_5,0,0,0,447.5669881,64.74820144,72,96,126
683,256,2020,256_6,0,0,0,440.7161268,64.30656934,78,99,124
684,256,2021,256_6,0,0,0,440.7161268,64.30656934,72,96,126
685,256,2020,256_7,0,0,0,408.0773862,66.94244604,78,99,124
686,256,2021,256_7,0,0,0,408.0773862,66.94244604,72,96,126
687,256,2020,256_8,0,0,0,407.2212219,58.05147059,78,99,124
688,256,2021,256_8,0,0,0,407.2212219,58.05147059,72,96,126
689,256,2020,256_9,0,0,0,460.6893264,47.94964029,78,99,124
690,256,2021,256_9,0,0,0,460.6893264,47.94964029,72,96,126
691,283,2020,283_1,0,0,0,428.7983254,45.10791367,79,100,125
692,283,2021,283_1,0,0,0,428.7983254,45.10791367,80,91,117
693,283,2020,283_2,0,0,0,440.0337825,49.04411765,79,100,125
694,283,2021,283_2,0,0,0,440.0337825,49.04411765,80,91,NA
695,283,2020,283_3,0,0,0,430.8126078,48.34532374,79,100,125
696,283,2021,283_3,0,0,0,430.8126078,48.34532374,80,91,117
697,283,2020,283_4,0,0,0,420.4096306,45.65217391,79,100,125
698,283,2021,283_4,0,0,0,420.4096306,45.65217391,80,91,117
699,283,2020,283_5,0,0,0,412.4693746,61.24087591,79,100,125
700,283,2021,283_5,0,0,0,412.4693746,61.24087591,80,91,117
701,283,2020,283_6,0,0,0,381.655154,24.81751825,79,100,125
702,283,2021,283_6,0,0,0,381.655154,24.81751825,80,91,117
703,283,2020,283_7,0,0,0,386.7219959,64.96296296,79,100,125
704,283,2021,283_7,0,0,0,386.7219959,64.96296296,80,91,117
705,283,2020,283_8,0,0,0,383.4789752,69.96323529,79,100,125
706,283,2021,283_8,0,0,0,383.4789752,69.96323529,80,91,117
707,283,2020,283_9,0,0,0,371.5193095,48.93382353,79,100,125
708,283,2021,283_9,0,0,0,371.5193095,48.93382353,80,91,117
709,3,2020,3_1,0,0,0,480.9439473,77.69784173,79,112,142
710,3,2021,3_1,0,0,0,480.9439473,77.69784173,82,102,118
711,3,2020,3_10,0,0,0,325.613717,76.56934307,79,112,142
712,3,2021,3_10,0,0,0,325.613717,76.56934307,82,102,118
713,3,2020,3_11,0,0,0,312.9770097,59.59558824,79,112,142
714,3,2021,3_11,0,0,0,312.9770097,59.59558824,82,102,118
715,3,2020,3_2,0,0,0,471.1052439,80.55147059,79,112,142
716,3,2021,3_2,0,0,0,471.1052439,80.55147059,82,102,118
717,3,2020,3_3,0,0,0,430.0624599,69.46428571,79,112,142
718,3,2021,3_3,0,0,0,430.0624599,69.46428571,82,102,118
719,3,2020,3_4,0,0,0,399.0417456,72.20588235,79,112,142
720,3,2021,3_4,0,0,0,399.0417456,72.20588235,82,102,118
721,3,2020,3_5,0,0,0,375.2546799,74.92857143,79,112,142
722,3,2021,3_5,0,0,0,375.2546799,74.92857143,82,102,118
723,3,2020,3_6,0,0,0,356.8574977,75.86956522,79,112,142
724,3,2021,3_6,0,0,0,356.8574977,75.86956522,82,102,118
725,3,2020,3_7,0,0,0,326.0475191,48.21428571,79,112,142
726,3,2021,3_7,0,0,0,326.0475191,48.21428571,82,102,118
727,3,2020,3_8,0,0,0,340.9847946,72.24264706,79,112,142
728,3,2021,3_8,0,0,0,340.9847946,72.24264706,82,102,118
729,3,2020,3_9,0,0,0,345.6221904,54.81617647,79,112,142
730,3,2021,3_9,0,0,0,345.6221904,54.81617647,82,102,118
731,30,2020,30_1,0,0,0,484.2470596,84.20863309,64,113,143
732,30,2021,30_1,0,0,0,484.2470596,84.20863309,102,122,139
733,30,2020,30_10,0,0,0,538.275431,76.15107914,64,113,143
734,30,2021,30_10,0,0,0,538.275431,76.15107914,102,122,139
735,30,2020,30_11,0,0,0,568.5606881,74,64,113,143
736,30,2021,30_11,0,0,0,568.5606881,74,102,122,139
737,30,2020,30_12,0,0,0,639.239435,84.06716418,64,113,143
738,30,2021,30_12,0,0,0,639.239435,84.06716418,102,122,139
739,30,2020,30_13,0,0,0,698.1914352,78.59259259,64,113,143
740,30,2021,30_13,0,0,0,698.1914352,78.59259259,102,122,139
741,30,2020,30_2,0,0,0,492.7795949,82.73722628,64,113,143
742,30,2021,30_2,0,0,0,492.7795949,82.73722628,102,122,139
743,30,2020,30_3,0,0,0,508.6366686,76.82481752,64,113,143
744,30,2021,30_3,0,0,0,508.6366686,76.82481752,102,122,139
745,30,2020,30_4,0,0,0,520.5443594,78.99280576,64,113,143
746,30,2021,30_4,0,0,0,520.5443594,78.99280576,102,122,139
747,30,2020,30_5,0,0,1,513.0309636,80.46428571,64,113,143
748,30,2021,30_5,0,0,0,513.0309636,80.46428571,102,122,139
749,30,2020,30_6,0,0,0,486.3242562,76.20437956,64,113,143
750,30,2021,30_6,0,0,0,486.3242562,76.20437956,102,122,139
751,30,2020,30_7,0,0,0,483.5732772,77.83088235,64,113,143
752,30,2021,30_7,0,0,0,483.5732772,77.83088235,102,122,139
753,30,2020,30_8,0,0,0,518.3325034,76.80147059,64,113,143
754,30,2021,30_8,0,0,0,518.3325034,76.80147059,102,122,139
755,30,2020,30_9,0,0,0,508.3352857,76.33093525,64,113,143
756,30,2021,30_9,0,0,0,508.3352857,76.33093525,102,122,139
757,308,2020,308_1,0,0,0,371.735708,74.05109489,86,106,133
758,308,2021,308_1,0,0,0,371.735708,74.05109489,82,104,111
759,308,2020,308_10,0,0,0,395.2728776,57.79411765,86,106,133
760,308,2021,308_10,0,0,0,395.2728776,57.79411765,82,104,111
761,308,2020,308_11,0,0,0,380.4751422,53.43065693,86,106,133
762,308,2021,308_11,0,0,0,380.4751422,53.43065693,82,104,111
763,308,2020,308_12,0,0,0,348.017753,44.42028986,86,106,133
764,308,2021,308_12,0,0,0,348.017753,44.42028986,82,104,111
765,308,2020,308_2,0,0,0,383.9979412,73.78676471,86,106,133
766,308,2021,308_2,0,0,0,383.9979412,73.78676471,82,104,111
767,308,2020,308_3,0,0,0,407.9488848,73.35714286,86,106,133
768,308,2021,308_3,0,0,0,407.9488848,73.35714286,82,104,111
769,308,2020,308_4,0,0,0,407.9911227,70.18248175,86,106,133
770,308,2021,308_4,0,0,0,407.9911227,70.18248175,104,111,NA
771,308,2020,308_5,0,0,0,400.4953798,72.88321168,86,106,133
772,308,2021,308_5,0,0,0,400.4953798,72.88321168,82,104,111
773,308,2020,308_6,0,0,0,384.6770951,72.53676471,86,106,133
774,308,2021,308_6,0,0,0,384.6770951,72.53676471,82,104,111
775,308,2020,308_7,0,0,0,354.9649753,70.03623188,86,106,133
776,308,2021,308_7,0,0,0,354.9649753,70.03623188,82,104,111
777,308,2020,308_8,0,0,0,351.6417126,73.4057971,86,106,133
778,308,2021,308_8,0,0,0,351.6417126,73.4057971,82,104,111
779,308,2020,308_9,0,0,0,368.338407,68.94160584,86,106,133
780,308,2021,308_9,0,0,0,368.338407,68.94160584,82,104,111
781,34,2020,34_1,0,0,0,536.5094865,50.625,69,94,118
782,34,2021,34_1,0,0,0,536.5094865,50.625,63,89,126
783,34,2020,34_10,0,0,0,533.8635046,66.70289855,69,94,118
784,34,2021,34_10,0,0,0,533.8635046,66.70289855,63,89,126
785,34,2020,34_11,0,0,0,521.001606,64.74264706,69,94,118
786,34,2021,34_11,0,0,0,521.001606,64.74264706,63,89,126
787,34,2020,34_2,0,0,0,539.0418884,68.32116788,69,94,118
788,34,2021,34_2,0,0,0,539.0418884,68.32116788,63,89,126
789,34,2020,34_3,0,0,0,547.975489,71.36029412,69,94,118
790,34,2021,34_3,0,0,0,547.975489,71.36029412,63,89,126
791,34,2020,34_4,0,0,0,559.2255276,78.76811594,69,94,118
792,34,2021,34_4,0,0,0,559.2255276,78.76811594,63,89,126
793,34,2020,34_5,0,0,0,565.928833,58.27205882,69,94,118
794,34,2021,34_5,0,0,0,565.928833,58.27205882,63,89,126
795,34,2020,34_6,0,0,0,575.363835,65.4379562,69,94,118
796,34,2021,34_6,0,0,0,575.363835,65.4379562,63,89,126
797,34,2020,34_7,0,0,0,549.4848673,48.32116788,69,94,118
798,34,2021,34_7,0,0,0,549.4848673,48.32116788,63,89,126
799,34,2020,34_8,0,0,0,544.0093843,62.66423358,69,94,118
800,34,2021,34_8,0,0,0,544.0093843,62.66423358,63,89,126
801,34,2020,34_9,0,0,0,529.9818757,36.05839416,69,94,118
802,34,2021,34_9,0,0,0,529.9818757,36.05839416,63,89,126
803,35,2020,35_1,0,0,0,550.2539754,60.36764706,68,94,112
804,35,2021,35_1,0,0,0,550.2539754,60.36764706,64,92,128
805,35,2020,35_10,0,0,0,543.1847603,77.9787234,68,94,112
806,35,2021,35_10,0,0,0,543.1847603,77.9787234,64,92,128
807,35,2020,35_2,0,0,0,560.5186821,35.58823529,68,94,112
808,35,2021,35_2,0,0,0,560.5186821,35.58823529,64,92,128
809,35,2020,35_3,0,0,0,561.3383468,51.38686131,68,94,112
810,35,2021,35_3,0,0,0,561.3383468,51.38686131,64,92,128
811,35,2020,35_4,0,0,0,561.3846768,67.53676471,68,94,112
812,35,2021,35_4,0,0,0,561.3846768,67.53676471,64,92,128
813,35,2020,35_5,0,0,0,530.2077443,74.8540146,68,94,112
814,35,2021,35_5,0,0,0,530.2077443,74.8540146,64,92,128
815,35,2020,35_6,0,0,0,489.9740925,35.21428571,68,94,112
816,35,2021,35_6,0,0,0,489.9740925,35.21428571,64,92,128
817,35,2020,35_7,0,0,0,496.4843659,64.12408759,68,94,112
818,35,2021,35_7,0,0,0,496.4843659,64.12408759,64,92,128
819,35,2020,35_8,0,0,0,514.0116537,58.90510949,68,94,112
820,35,2021,35_8,0,0,0,514.0116537,58.90510949,64,92,128
821,35,2020,35_9,0,0,0,551.0017835,72.09558824,68,94,112
822,35,2021,35_9,0,0,0,551.0017835,72.09558824,64,92,128
823,4,2020,4_1,0,0,0,312.600352,72,58,112,135
824,4,2021,4_1,0,0,0,312.600352,72,83,102,113
825,4,2020,4_10,0,0,0,544.3317999,80.39855072,58,112,135
826,4,2021,4_10,0,0,0,544.3317999,80.39855072,83,102,113
827,4,2020,4_2,0,0,0,346.696414,74.16666667,58,112,135
828,4,2021,4_2,0,0,0,346.696414,74.16666667,83,102,113
829,4,2020,4_3,0,0,0,417.8720008,78.01470588,58,112,135
830,4,2021,4_3,0,0,0,417.8720008,78.01470588,83,102,113
831,4,2020,4_4,0,0,0,427.1565598,69.42028986,58,112,135
832,4,2021,4_4,0,0,0,427.1565598,69.42028986,83,102,113
833,4,2020,4_5,0,0,0,435.7574755,72.53623188,58,112,135
834,4,2021,4_5,0,0,0,435.7574755,72.53623188,83,102,113
835,4,2020,4_6,0,0,0,465.5847988,77.60869565,58,112,135
836,4,2021,4_6,0,0,0,465.5847988,77.60869565,83,102,113
837,4,2020,4_7,0,0,0,492.6463128,84.92592593,58,112,135
838,4,2021,4_7,0,0,0,492.6463128,84.92592593,83,102,113
839,4,2020,4_8,0,0,0,514.771988,81.60583942,58,112,135
840,4,2021,4_8,0,0,0,514.771988,81.60583942,83,102,113
841,4,2020,4_9,0,0,0,519.0646915,81.45985401,58,112,135
842,4,2021,4_9,0,0,0,519.0646915,81.45985401,83,102,113
843,40,2020,40_1,0,0,0,605.9074364,57.26277372,75,98,121
844,40,2021,40_1,0,0,0,605.9074364,57.26277372,83,103,125
845,40,2020,40_10,0,0,0,752.3259216,84.42857143,75,98,121
846,40,2021,40_10,0,0,0,752.3259216,84.42857143,83,103,125
847,40,2020,40_11,0,0,0,824.3051771,84.33823529,75,98,121
848,40,2021,40_11,0,0,0,824.3051771,84.33823529,83,103,125
849,40,2020,40_2,0,0,0,581.9755663,52.15328467,75,98,121
850,40,2021,40_2,0,0,0,581.9755663,52.15328467,83,103,125
851,40,2020,40_3,0,0,0,605.6112566,45.4676259,75,98,121
852,40,2021,40_3,0,0,0,605.6112566,45.4676259,83,103,125
853,40,2020,40_4,0,0,0,621.7861372,49.02173913,75,98,121
854,40,2020,40_5,0,0,0,556.0162456,34.52554745,75,98,121
855,40,2021,40_5,0,0,0,556.0162456,34.52554745,83,103,125
856,40,2020,40_6,0,0,0,573.426259,53.77697842,75,98,121
857,40,2021,40_6,0,0,0,573.426259,53.77697842,83,103,125
858,40,2020,40_7,0,0,0,597.8395738,41.78832117,75,98,121
859,40,2021,40_7,0,0,0,597.8395738,41.78832117,83,103,125
860,40,2020,40_8,0,0,0,625.5345212,24.41176471,75,98,121
861,40,2021,40_8,0,0,0,625.5345212,24.41176471,83,103,125
862,40,2020,40_9,0,0,0,741.2549608,80.0729927,75,98,121
863,40,2021,40_9,0,0,0,741.2549608,80.0729927,83,103,125
864,42,2020,42_1,0,0,0,928.15855,81.36690647,80,104,131
865,42,2021,42_1,0,0,0,928.15855,81.36690647,78,100,125
866,42,2020,42_10,0,0,0,621.9470812,41.12318841,80,104,131
867,42,2021,42_10,0,0,0,621.9470812,41.12318841,78,100,125
868,42,2020,42_11,0,0,0,593.3834791,68.78571429,80,104,131
869,42,2021,42_11,0,0,0,593.3834791,68.78571429,78,100,125
870,42,2020,42_2,0,0,0,861.7480597,81.37681159,80,104,131
871,42,2021,42_2,0,0,0,861.7480597,81.37681159,78,100,125
872,42,2020,42_3,0,0,0,748.7796925,82.08029197,80,104,131
873,42,2021,42_3,0,0,0,748.7796925,82.08029197,78,100,125
874,42,2020,42_4,0,0,0,681.4075494,66.73913043,80,104,131
875,42,2021,42_4,0,0,0,681.4075494,66.73913043,78,100,125
876,42,2020,42_5,0,0,0,642.9015835,45.44117647,80,104,131
877,42,2021,42_5,0,0,0,642.9015835,45.44117647,78,100,125
878,42,2020,42_6,0,0,0,626.890511,48.49264706,80,104,131
879,42,2021,42_6,0,0,0,626.890511,48.49264706,78,100,125
880,42,2020,42_7,0,0,0,631.6125501,47.21428571,80,104,131
881,42,2021,42_7,0,0,0,631.6125501,47.21428571,78,100,125
882,42,2020,42_8,0,0,0,596.5476478,44.11764706,80,104,131
883,42,2021,42_8,0,0,0,596.5476478,44.11764706,78,100,125
884,42,2020,42_9,0,0,0,613.8622724,59.85294118,80,104,131
885,42,2021,42_9,0,0,0,613.8622724,59.85294118,78,100,125
886,49,2020,49_1,0,0,0,815.008479,52.10144928,84,104,131
887,49,2021,49_1,0,0,0,815.008479,52.10144928,70,93,130
888,49,2020,49_2,0,0,0,889.1744443,73.17518248,84,104,131
889,49,2021,49_2,0,0,0,889.1744443,73.17518248,70,93,130
890,49,2020,49_3,0,0,0,899.1971267,62.53623188,84,104,131
891,49,2021,49_3,0,0,0,899.1971267,62.53623188,70,93,130
892,49,2020,49_4,0,0,0,875.3045928,47.75735294,84,104,131
893,49,2021,49_4,0,0,0,875.3045928,47.75735294,70,93,130
894,49,2020,49_5,0,0,0,860.6084658,55.66176471,84,104,131
895,49,2021,49_5,0,0,0,860.6084658,55.66176471,70,93,130
896,49,2020,49_6,0,0,0,971.1637007,74.34782609,84,104,131
897,49,2021,49_6,0,0,0,971.1637007,74.34782609,70,93,130
898,49,2020,49_7,0,0,0,1036.442715,54.46428571,84,104,131
899,49,2021,49_7,0,0,0,1036.442715,54.46428571,70,93,130
900,49,2020,49_8,0,1,0,1062.988319,68.05147059,84,104,131
901,49,2021,49_8,0,0,0,1062.988319,68.05147059,70,93,130
902,49,2020,49_9,0,0,0,1064.845322,74.9270073,84,104,131
903,49,2021,49_9,0,0,0,1064.845322,74.9270073,70,93,130
904,51,2020,51_1,0,0,0,659.8310761,82.08029197,74,98,122
905,51,2021,51_1,0,0,0,659.8310761,82.08029197,85,99,121
906,51,2020,51_10,0,0,0,846.87413,77.39130435,74,98,122
907,51,2021,51_10,0,0,0,846.87413,77.39130435,85,99,121
908,51,2020,51_11,0,0,0,871.5632881,79.63235294,74,98,122
909,51,2021,51_11,0,0,0,871.5632881,79.63235294,85,99,121
910,51,2020,51_12,0,0,0,861.3301015,80.29411765,74,98,122
911,51,2021,51_12,0,0,0,861.3301015,80.29411765,85,99,121
912,51,2020,51_13,0,0,0,799.9251642,80.51094891,74,98,122
913,51,2021,51_13,0,0,0,799.9251642,80.51094891,85,99,121
914,51,2020,51_14,0,0,0,785.9932184,84.6350365,74,98,122
915,51,2021,51_14,0,0,0,785.9932184,84.6350365,85,99,121
916,51,2020,51_2,0,0,0,690.4837456,82.24637681,74,98,122
917,51,2021,51_2,0,0,0,690.4837456,82.24637681,85,99,121
918,51,2020,51_3,0,0,0,686.6851241,83.82352941,74,98,122
919,51,2021,51_3,0,0,0,686.6851241,83.82352941,85,99,121
920,51,2020,51_4,0,0,0,715.105303,76.05839416,74,98,122
921,51,2021,51_4,0,0,0,715.105303,76.05839416,85,99,121
922,51,2020,51_5,0,0,0,727.2452151,70,74,98,122
923,51,2021,51_5,0,0,0,727.2452151,70,85,99,121
924,51,2020,51_6,0,0,0,749.5930385,72.99270073,74,98,122
925,51,2021,51_6,0,0,0,749.5930385,72.99270073,85,99,121
926,51,2020,51_7,0,0,0,752.9883561,75,74,98,122
927,51,2021,51_7,0,0,0,752.9883561,75,85,99,121
928,51,2020,51_8,0,0,0,758.1583184,74.51851852,74,98,122
929,51,2021,51_8,0,0,0,758.1583184,74.51851852,85,99,121
930,51,2020,51_9,0,0,0,794.7303066,68.10218978,74,98,122
931,51,2021,51_9,0,0,0,794.7303066,68.10218978,85,99,121
932,53,2020,53_1,0,0,0,678.0372438,83.33333333,76,100,127
933,53,2021,53_1,0,0,0,678.0372438,83.33333333,82,105,118
934,53,2020,53_2,0,0,0,648.5551309,76.21323529,76,100,127
935,53,2021,53_2,0,0,0,648.5551309,76.21323529,82,105,118
936,53,2020,53_3,0,0,0,653.1946438,72.09558824,76,100,127
937,53,2021,53_3,0,0,0,653.1946438,72.09558824,82,105,118
938,53,2020,53_4,0,0,0,664.5775887,80.25735294,76,100,127
939,53,2021,53_4,0,0,0,664.5775887,80.25735294,82,105,118
940,53,2020,53_5,0,0,0,588.1443756,74.13043478,76,100,127
941,53,2021,53_5,0,0,0,588.1443756,74.13043478,82,105,118
942,53,2020,53_6,0,0,1,544.9634569,70.32846715,76,100,127
943,53,2021,53_6,0,0,0,544.9634569,70.32846715,82,105,118
944,53,2020,53_7,0,0,0,518.6365435,60.77205882,76,100,127
945,53,2021,53_7,0,0,0,518.6365435,60.77205882,82,105,118
946,53,2020,53_8,0,0,0,531.7305036,75.57142857,76,100,127
947,53,2021,53_8,0,0,0,531.7305036,75.57142857,82,105,118
948,57,2020,57_1,0,0,0,1090.716376,55.98540146,85,112,141
949,57,2021,57_1,0,0,0,1090.716376,55.98540146,82,102,117
950,57,2020,57_10,1,0,0,893.9849118,84.85294118,85,112,141
951,57,2021,57_10,0,0,0,893.9849118,84.85294118,82,102,117
952,57,2020,57_11,0,0,0,844.6014297,83.23529412,112,141,NA
953,57,2021,57_11,0,0,0,844.6014297,83.23529412,82,102,117
954,57,2020,57_12,0,0,0,762.913198,79.14285714,112,141,NA
955,57,2021,57_12,0,0,0,762.913198,79.14285714,82,102,117
956,57,2020,57_2,0,0,0,1061.838989,65.07142857,85,112,141
957,57,2021,57_2,0,0,0,1061.838989,65.07142857,82,102,117
958,57,2020,57_3,0,0,0,1007.478428,73.73188406,85,112,141
959,57,2021,57_3,0,0,0,1007.478428,73.73188406,82,102,117
960,57,2020,57_4,0,0,0,985.0876542,75.25925926,85,112,141
961,57,2021,57_4,0,0,0,985.0876542,75.25925926,82,102,117
962,57,2020,57_5,0,0,0,1002.645596,81.79856115,85,112,141
963,57,2021,57_5,0,0,0,1002.645596,81.79856115,82,102,117
964,57,2020,57_6,0,0,0,1014.155253,74.9270073,85,112,141
965,57,2021,57_6,0,0,0,1014.155253,74.9270073,82,102,117
966,57,2020,57_7,0,0,0,1058.342038,79.42446043,85,112,141
967,57,2021,57_7,0,0,0,1058.342038,79.42446043,82,102,117
968,57,2020,57_8,0,0,0,965.4243644,79.70588235,85,112,141
969,57,2021,57_8,0,0,0,965.4243644,79.70588235,82,102,117
970,57,2020,57_9,0,0,0,921.4682121,84.92805755,85,112,141
971,57,2021,57_9,0,0,0,921.4682121,84.92805755,82,102,117
972,65,2020,65_1,0,0,0,666.7540176,78.86861314,60,90,115
973,65,2021,65_1,0,0,0,666.7540176,78.86861314,66,86,129
974,65,2020,65_2,0,0,0,631.4155641,60.55147059,60,90,115
975,65,2021,65_2,0,0,0,631.4155641,60.55147059,66,86,129
976,65,2020,65_3,0,0,0,633.4000253,43.11594203,60,90,115
977,65,2021,65_3,0,0,0,633.4000253,43.11594203,66,86,129
978,65,2020,65_4,0,0,0,626.9774071,53.93382353,60,90,115
979,65,2021,65_4,0,0,0,626.9774071,53.93382353,66,86,129
980,65,2020,65_5,0,0,0,622.0026914,64.04411765,60,90,115
981,65,2021,65_5,0,0,0,622.0026914,64.04411765,66,86,129
982,65,2020,65_6,0,0,0,650.5239868,64.48905109,60,90,115
983,65,2021,65_6,0,0,0,650.5239868,64.48905109,66,86,129
984,65,2020,65_7,0,0,0,676.2641009,60.25735294,60,90,115
985,65,2021,65_7,0,0,0,676.2641009,60.25735294,66,86,129
986,66,2020,66_1,0,0,0,642.4736615,77.5,65,92,117
987,66,2021,66_1,0,0,0,642.4736615,77.5,74,87,121
988,66,2020,66_10,0,0,0,592.7359867,57.97101449,65,92,117
989,66,2021,66_10,0,0,0,592.7359867,57.97101449,74,87,121
990,66,2020,66_2,0,0,0,620.1667427,62.7173913,65,92,117
991,66,2021,66_2,0,0,0,620.1667427,62.7173913,74,87,121
992,66,2020,66_3,0,0,0,628.6384207,47.39130435,65,92,117
993,66,2021,66_3,0,0,0,628.6384207,47.39130435,74,87,121
994,66,2020,66_4,0,0,0,621.5772002,71.63043478,65,92,117
995,66,2021,66_4,0,0,0,621.5772002,71.63043478,74,87,121
996,66,2020,66_5,0,0,0,601.9604234,72.29927007,65,92,117
997,66,2021,66_5,0,0,0,601.9604234,72.29927007,74,87,121
998,66,2020,66_6,0,0,0,575.9249954,57.33576642,65,92,117
999,66,2021,66_6,0,0,0,575.9249954,57.33576642,74,87,121
1000,66,2020,66_7,0,0,0,586.0523213,69.85507246,65,92,117
1001,66,2021,66_7,0,0,0,586.0523213,69.85507246,74,87,121
1002,66,2020,66_8,0,0,0,576.9215742,76.33093525,65,92,117
1003,66,2021,66_8,0,0,0,576.9215742,76.33093525,74,87,121
1004,66,2020,66_9,0,0,0,592.2426632,36.25,65,92,117
1005,66,2021,66_9,0,0,0,592.2426632,36.25,74,87,121
1006,67,2020,67_1,0,0,0,556.5657375,50.14492754,69,94,118
1007,67,2021,67_1,0,0,0,556.5657375,50.14492754,76,100,120
1008,67,2020,67_2,0,0,0,592.0359993,47.05035971,69,94,118
1009,67,2021,67_2,0,0,0,592.0359993,47.05035971,76,100,120
1010,67,2020,67_3,0,0,0,598.2880677,36.13138686,69,94,118
1011,67,2021,67_3,0,0,0,598.2880677,36.13138686,76,100,120
1012,67,2020,67_4,0,0,0,593.7006362,48.05755396,69,94,118
1013,67,2021,67_4,0,0,0,593.7006362,48.05755396,76,100,120
1014,67,2020,67_5,0,0,0,562.9155061,35.44444444,69,94,118
1015,67,2021,67_5,0,0,0,562.9155061,35.44444444,76,100,120
1016,67,2020,67_6,0,0,0,562.6485057,30.2919708,69,94,118
1017,67,2021,67_6,0,0,0,562.6485057,30.2919708,76,100,120
1018,67,2020,67_7,0,0,0,561.1410315,35.10869565,69,94,118
1019,67,2021,67_7,0,0,0,561.1410315,35.10869565,76,100,120
1020,67,2020,67_8,0,0,0,552.3383886,22.21014493,69,94,118
1021,67,2021,67_8,0,0,0,552.3383886,22.21014493,76,100,120
1022,67,2020,67_9,0,0,0,564.3539685,43.51449275,69,94,118
1023,67,2021,67_9,0,0,0,564.3539685,43.51449275,76,100,120
1024,69,2020,69_1,0,0,0,621.6079951,37.78985507,73,98,120
1025,69,2021,69_1,0,0,0,621.6079951,37.78985507,67,98,110
1026,69,2020,69_10,0,0,0,727.5573672,74.11764706,73,98,120
1027,69,2021,69_10,0,0,0,727.5573672,74.11764706,67,98,110
1028,69,2020,69_11,0,0,0,743.0266662,80.79710145,73,98,120
1029,69,2021,69_11,0,0,0,743.0266662,80.79710145,67,98,110
1030,69,2020,69_2,0,0,0,629.5996678,39.03571429,73,98,120
1031,69,2021,69_2,0,0,0,629.5996678,39.03571429,67,98,110
1032,69,2020,69_3,0,0,0,646.1660933,72.61029412,73,98,120
1033,69,2021,69_3,0,0,0,646.1660933,72.61029412,67,98,110
1034,69,2020,69_4,0,0,0,630.9701233,55.18115942,73,98,120
1035,69,2021,69_4,0,0,0,630.9701233,55.18115942,67,98,110
1036,69,2020,69_5,0,0,0,608.0646968,43.93382353,73,98,120
1037,69,2021,69_5,0,0,0,608.0646968,43.93382353,67,98,110
1038,69,2020,69_6,0,0,0,616.0917341,51.78832117,73,98,120
1039,69,2021,69_6,0,0,0,616.0917341,51.78832117,67,98,110
1040,69,2020,69_7,0,0,0,614.9846191,30.14492754,73,98,120
1041,69,2021,69_7,0,0,0,614.9846191,30.14492754,67,98,110
1042,69,2020,69_8,0,0,0,633.9650574,65.14705882,73,98,120
1043,69,2021,69_8,0,0,0,633.9650574,65.14705882,67,98,110
1044,69,2020,69_9,0,0,0,661.9553294,64.81617647,73,98,120
1045,69,2021,69_9,0,0,0,661.9553294,64.81617647,67,98,110
1046,7,2020,7_1,0,0,0,545.6565601,50.625,71,96,119
1047,7,2021,7_1,0,0,0,545.6565601,50.625,71,97,129
1048,7,2020,7_10,0,0,0,471.3863609,63.00724638,71,96,119
1049,7,2021,7_10,0,0,0,471.3863609,63.00724638,71,97,129
1050,7,2020,7_11,0,0,0,515.4272291,77.68115942,71,96,119
1051,7,2021,7_11,0,0,0,515.4272291,77.68115942,71,97,129
1052,7,2020,7_12,0,0,0,494.6224354,67.14285714,71,96,119
1053,7,2021,7_12,0,0,0,494.6224354,67.14285714,71,97,NA
1054,7,2020,7_13,0,0,0,475.4689444,75.32608696,71,96,119
1055,7,2021,7_13,0,0,0,475.4689444,75.32608696,71,97,129
1056,7,2020,7_14,0,0,0,471.0614025,70.18248175,71,96,NA
1057,7,2021,7_14,0,0,0,471.0614025,70.18248175,71,97,129
1058,7,2020,7_15,0,0,0,507.6547818,80.625,71,96,119
1059,7,2021,7_15,0,0,0,507.6547818,80.625,71,97,129
1060,7,2020,7_2,0,0,0,559.0243134,41.15671642,71,96,119
1061,7,2021,7_2,0,0,0,559.0243134,41.15671642,71,97,129
1062,7,2020,7_3,0,0,0,555.3870868,63.49264706,71,96,119
1063,7,2021,7_3,0,0,0,555.3870868,63.49264706,71,97,129
1064,7,2020,7_4,0,0,0,529.5463755,59.29577465,71,96,119
1065,7,2021,7_4,0,0,0,529.5463755,59.29577465,71,97,129
1066,7,2020,7_5,0,0,0,512.2517768,34.44444444,71,96,119
1067,7,2021,7_5,0,0,0,512.2517768,34.44444444,71,97,129
1068,7,2020,7_6,0,0,0,515.8446767,62.59124088,71,96,119
1069,7,2021,7_6,0,0,0,515.8446767,62.59124088,71,97,129
1070,7,2020,7_7,0,0,0,521.1757265,66.47058824,71,96,119
1071,7,2021,7_7,0,0,0,521.1757265,66.47058824,71,97,129
1072,7,2020,7_8,0,0,0,520.1654986,47.26277372,71,96,119
1073,7,2021,7_8,0,0,0,520.1654986,47.26277372,71,97,129
1074,7,2020,7_9,0,0,0,525.816251,59.92753623,71,96,119
1075,7,2021,7_9,0,0,0,525.816251,59.92753623,71,97,129
1076,70,2020,70_1,0,0,0,891.3002726,84.11111111,77,101,126
1077,70,2021,70_1,0,0,0,891.3002726,84.11111111,61,97,129
1078,70,2020,70_2,0,0,0,946.0202747,83.47826087,77,101,126
1079,70,2021,70_2,0,0,0,946.0202747,83.47826087,61,97,129
1080,70,2020,70_3,0,0,0,913.7871596,84.55882353,77,101,126
1081,70,2021,70_3,0,0,0,913.7871596,84.55882353,61,97,129
1082,70,2020,70_4,0,0,0,912.6134603,64.44852941,77,101,126
1083,70,2021,70_4,0,0,0,912.6134603,64.44852941,61,97,129
1084,70,2020,70_5,0,0,0,980.6623477,72.99270073,77,101,126
1085,70,2021,70_5,0,0,0,980.6623477,72.99270073,61,97,129
1086,70,2020,70_6,0,0,0,1105.025365,78.08823529,77,101,126
1087,70,2021,70_6,0,0,0,1105.025365,78.08823529,61,97,129
1088,70,2020,70_7,0,0,0,1172.573619,71.38686131,77,101,126
1089,70,2021,70_7,0,0,0,1172.573619,71.38686131,61,97,129
1090,70,2020,70_8,0,0,0,1284.788351,62.48175182,77,101,126
1091,70,2021,70_8,0,0,1,1284.788351,62.48175182,61,97,129
1092,70,2020,70_9,0,0,0,1347.865816,55.62043796,77,101,126
1093,70,2021,70_9,0,0,0,1347.865816,55.62043796,61,97,129
1094,73,2020,73_1,0,0,0,826.6971042,66.52173913,87,108,138
1095,73,2021,73_1,0,0,0,826.6971042,66.52173913,79,105,146
1096,73,2020,73_10,0,1,0,1005.57665,75.29411765,87,108,138
1097,73,2021,73_10,0,0,0,1005.57665,75.29411765,79,105,146
1098,73,2020,73_2,0,0,0,834.1037212,66.17647059,87,108,138
1099,73,2021,73_2,0,0,0,834.1037212,66.17647059,79,105,146
1100,73,2020,73_3,0,0,0,863.1092054,53.41911765,87,108,138
1101,73,2021,73_3,0,0,0,863.1092054,53.41911765,79,105,146
1102,73,2020,73_4,0,0,0,886.0767497,70.2189781,87,108,138
1103,73,2021,73_4,0,0,0,886.0767497,70.2189781,79,105,146
1104,73,2020,73_5,0,0,0,910.9874785,60.36231884,87,108,138
1105,73,2021,73_5,0,0,0,910.9874785,60.36231884,79,105,146
1106,73,2020,73_6,0,0,0,975.9672011,67.13768116,87,108,138
1107,73,2021,73_6,0,0,0,975.9672011,67.13768116,79,105,146
1108,73,2020,73_7,0,0,0,925.6035605,68.56617647,87,108,138
1109,73,2021,73_7,0,0,0,925.6035605,68.56617647,79,105,146
1110,73,2020,73_8,0,1,0,909.4420229,74.22794118,87,108,138
1111,73,2021,73_8,0,0,0,909.4420229,74.22794118,79,105,146
1112,73,2020,73_9,0,0,0,946.3727908,75.39855072,87,108,138
1113,73,2021,73_9,0,1,0,946.3727908,75.39855072,79,105,146
1114,77,2020,77_1,0,0,0,618.4433625,44.48905109,79,100,129
1115,77,2021,77_1,0,0,0,618.4433625,44.48905109,71,95,111
1116,77,2020,77_10,0,0,0,815.9794657,75.2173913,79,100,129
1117,77,2021,77_10,0,0,0,815.9794657,75.2173913,71,95,111
1118,77,2020,77_2,0,0,0,604.1750638,52.08633094,79,100,129
1119,77,2021,77_2,0,0,0,604.1750638,52.08633094,71,95,111
1120,77,2020,77_3,0,0,0,629.930775,39.52554745,79,100,129
1121,77,2021,77_3,0,0,0,629.930775,39.52554745,71,95,111
1122,77,2020,77_4,0,0,0,617.6152113,38.40740741,79,100,129
1123,77,2021,77_4,0,0,0,617.6152113,38.40740741,71,95,111
1124,77,2020,77_5,0,0,0,653.8305816,59.89051095,79,100,129
1125,77,2021,77_5,0,0,0,653.8305816,59.89051095,95,111,NA
1126,77,2020,77_6,0,0,0,628.1976301,66.01449275,79,100,129
1127,77,2021,77_6,0,0,0,628.1976301,66.01449275,71,95,111
1128,77,2020,77_7,0,0,0,590.0468567,53.82142857,79,100,129
1129,77,2021,77_7,0,0,0,590.0468567,53.82142857,71,95,111
1130,77,2020,77_8,0,0,0,657.2784446,80.51094891,79,100,129
1131,77,2021,77_8,0,0,0,657.2784446,80.51094891,71,95,111
1132,77,2020,77_9,0,0,0,737.6654163,79.67391304,79,100,129
1133,77,2021,77_9,0,0,0,737.6654163,79.67391304,71,95,111
1134,85,2020,85_1,0,0,0,479.6836853,75.03676471,122,NA,NA
1135,85,2021,85_1,0,0,0,479.6836853,75.03676471,85,96,117
1136,85,2020,85_10,0,0,0,924.5686382,70.17985612,122,NA,NA
1137,85,2021,85_10,0,0,0,924.5686382,70.17985612,85,96,117
1138,85,2020,85_11,1,0,0,1007.888901,76.31386861,78,122,NA
1139,85,2021,85_11,0,0,0,1007.888901,76.31386861,85,96,117
1140,85,2020,85_12,0,0,0,1071.805759,61.90647482,122,NA,NA
1141,85,2021,85_12,0,0,0,1071.805759,61.90647482,85,96,117
1142,85,2020,85_13,0,0,0,1076.070559,82.40875912,122,NA,NA
1143,85,2021,85_13,0,0,0,1076.070559,82.40875912,85,96,117
1144,85,2020,85_2,0,0,0,498.3721877,71.70289855,122,NA,NA
1145,85,2021,85_2,0,0,0,498.3721877,71.70289855,85,96,117
1146,85,2020,85_3,0,0,0,515.0619781,76.60583942,122,NA,NA
1147,85,2021,85_3,0,0,0,515.0619781,76.60583942,85,96,117
1148,85,2020,85_4,0,0,0,550.0782297,84.41605839,122,NA,NA
1149,85,2021,85_4,0,0,0,550.0782297,84.41605839,85,96,117
1150,85,2020,85_5,0,0,0,597.6622057,81.81481481,122,NA,NA
1151,85,2021,85_5,0,0,0,597.6622057,81.81481481,85,96,117
1152,85,2020,85_6,0,0,0,651.7132631,78.39416058,122,NA,NA
1153,85,2021,85_6,0,0,0,651.7132631,78.39416058,85,96,117
1154,85,2020,85_7,0,0,0,697.5203684,82.1641791,122,NA,NA
1155,85,2021,85_7,0,0,0,697.5203684,82.1641791,85,96,117
1156,85,2020,85_8,0,0,0,799.8328666,75.76642336,122,NA,NA
1157,85,2021,85_8,0,0,0,799.8328666,75.76642336,85,96,117
1158,85,2020,85_9,0,0,0,817.8175096,76.79577465,122,NA,NA
1159,85,2021,85_9,0,0,0,817.8175096,76.79577465,85,96,117
1160,9,2020,9_1,0,0,0,572.6349965,67.46376812,74,97,121
1161,9,2021,9_1,0,0,0,572.6349965,67.46376812,65,89,130
1162,9,2020,9_10,0,0,0,542.4648113,73.45323741,74,97,121
1163,9,2021,9_10,0,0,0,542.4648113,73.45323741,65,89,130
1164,9,2020,9_11,0,0,0,550.8350445,69.05797101,74,97,121
1165,9,2021,9_11,0,0,0,550.8350445,69.05797101,65,89,130
1166,9,2020,9_2,0,0,0,562.6995146,66.93430657,74,97,121
1167,9,2021,9_2,0,0,0,562.6995146,66.93430657,65,89,130
1168,9,2020,9_3,0,0,0,512.047486,58.72262774,74,97,121
1169,9,2021,9_3,0,0,0,512.047486,58.72262774,65,89,130
1170,9,2020,9_4,0,0,0,496.0233055,28.69565217,74,97,121
1171,9,2021,9_4,0,0,0,496.0233055,28.69565217,65,89,130
1172,9,2020,9_5,0,0,0,528.5506474,53.92857143,74,97,121
1173,9,2021,9_5,0,0,0,528.5506474,53.92857143,65,89,130
1174,9,2020,9_6,0,0,0,521.8122954,64.40740741,74,97,121
1175,9,2021,9_6,0,0,0,521.8122954,64.40740741,65,89,130
1176,9,2020,9_7,0,0,0,511.3598478,28.04347826,74,97,121
1177,9,2021,9_7,0,0,0,511.3598478,28.04347826,65,89,130
1178,9,2020,9_8,0,0,0,531.2362419,69.30656934,74,97,121
1179,9,2021,9_8,0,0,0,531.2362419,69.30656934,65,89,130
1180,9,2020,9_9,0,0,0,556.4797381,44.3115942,74,97,121
1181,9,2021,9_9,0,0,0,556.4797381,44.3115942,65,89,130
1182,92,2020,92_1,0,0,0,873.3209525,75.22058824,58,92,112
1183,92,2021,92_1,0,0,0,873.3209525,75.22058824,82,99,112
1184,92,2020,92_10,0,0,0,736.6381553,83.11594203,58,92,112
1185,92,2021,92_10,0,0,0,736.6381553,83.11594203,82,99,112
1186,92,2020,92_11,0,0,0,725.1896,74.13043478,58,92,112
1187,92,2021,92_11,0,0,0,725.1896,74.13043478,82,99,112
1188,92,2020,92_12,0,0,0,735.2455747,76.53284672,58,92,112
1189,92,2021,92_12,0,0,0,735.2455747,76.53284672,82,99,112
1190,92,2020,92_2,0,0,0,788.5544054,59.78571429,58,92,112
1191,92,2021,92_2,0,0,0,788.5544054,59.78571429,82,99,112
1192,92,2020,92_3,0,0,0,735.0324471,55.58394161,58,92,112
1193,92,2021,92_3,0,0,0,735.0324471,55.58394161,82,99,112
1194,92,2020,92_4,0,0,0,685.7296564,56.29496403,58,92,112
1195,92,2021,92_4,0,0,0,685.7296564,56.29496403,82,99,112
1196,92,2020,92_5,0,0,0,730.8652427,80.82733813,58,92,112
1197,92,2021,92_5,0,0,0,730.8652427,80.82733813,82,99,112
1198,92,2020,92_6,0,0,0,735.5289253,76.82481752,58,92,112
1199,92,2021,92_6,0,0,0,735.5289253,76.82481752,82,99,112
1200,92,2020,92_7,0,0,0,723.374356,78.01470588,58,92,112
1201,92,2021,92_7,0,0,0,723.374356,78.01470588,82,99,112
1202,92,2020,92_8,0,0,0,724.4675688,76.54411765,58,92,112
1203,92,2021,92_8,0,0,0,724.4675688,76.54411765,82,99,112
1204,92,2020,92_9,0,0,0,726.4846286,79.48529412,58,92,112
1205,92,2021,92_9,0,0,0,726.4846286,79.48529412,82,99,112
1206,96,2020,96_1,0,0,0,615.7934855,32.40875912,68,93,113
1207,96,2021,96_1,0,0,0,615.7934855,32.40875912,83,98,124
1208,96,2020,96_10,0,0,0,618.8678952,42.10144928,68,93,113
1209,96,2021,96_10,0,0,0,618.8678952,42.10144928,83,98,124
1210,96,2020,96_11,0,0,0,606.6646403,37.62773723,68,93,113
1211,96,2021,96_11,0,0,0,606.6646403,37.62773723,83,98,124
1212,96,2020,96_2,0,0,0,619.5860941,47.5,68,93,113
1213,96,2021,96_2,0,0,0,619.5860941,47.5,83,98,124
1214,96,2020,96_3,0,0,0,623.076187,67.04379562,68,93,113
1215,96,2021,96_3,0,0,0,623.076187,67.04379562,83,98,124
1216,96,2020,96_4,0,0,0,590.6505216,54.7810219,68,93,113
1217,96,2021,96_4,0,0,0,590.6505216,54.7810219,83,98,124
1218,96,2020,96_5,0,0,0,584.2093132,31.60583942,68,93,113
1219,96,2021,96_5,0,0,0,584.2093132,31.60583942,83,98,124
1220,96,2020,96_6,0,0,0,589.277853,34.16058394,68,93,113
1221,96,2021,96_6,0,0,0,589.277853,34.16058394,83,98,124
1222,96,2020,96_7,0,0,0,610.6098562,50.47445255,68,93,113
1223,96,2021,96_7,0,0,0,610.6098562,50.47445255,83,98,124
1224,96,2020,96_8,0,0,0,615.1752831,60.21126761,68,93,113
1225,96,2021,96_8,0,0,0,615.1752831,60.21126761,83,98,124
1226,96,2020,96_9,0,0,0,625.1469886,15.97826087,68,93,113
1227,96,2021,96_9,0,0,0,625.1469886,15.97826087,83,98,124
1228,98,2020,98_1,0,0,0,774.3730738,66.50735294,72,96,115
1229,98,2021,98_1,0,0,0,774.3730738,66.50735294,74,98,106
1230,98,2020,98_2,0,0,0,755.8474094,66.11111111,72,96,115
1231,98,2021,98_2,0,0,0,755.8474094,66.11111111,74,98,106
1232,98,2020,98_3,0,0,0,741.8518062,69.33823529,72,96,115
1233,98,2021,98_3,0,0,0,741.8518062,69.33823529,74,98,106
1234,98,2020,98_4,0,0,0,717.5734747,67.95620438,72,96,115
1235,98,2021,98_4,0,0,0,717.5734747,67.95620438,74,98,106
1236,98,2020,98_5,0,0,0,693.4967155,45.10791367,72,96,115
1237,98,2021,98_5,0,0,0,693.4967155,45.10791367,74,98,106
1238,98,2020,98_6,0,0,0,922.8483758,64.81751825,72,96,115
1239,98,2021,98_6,0,0,0,922.8483758,64.81751825,74,98,106
1240,98,2020,98_7,0,0,0,930.3839244,75.28985507,72,96,115
1241,98,2021,98_7,0,0,0,930.3839244,75.28985507,74,98,106
1242,98,2020,98_8,0,0,0,969.8528661,75.69343066,72,96,115
1243,98,2021,98_8,0,0,0,969.8528661,75.69343066,74,98,106
1244,99,2020,99_1,0,0,0,870.6067644,70.95588235,78,102,136
1245,99,2021,99_1,0,0,0,870.6067644,70.95588235,78,103,118
1246,99,2020,99_10,0,0,0,1161.74291,75.94890511,78,102,136
1247,99,2021,99_10,0,0,0,1161.74291,75.94890511,78,103,118
1248,99,2020,99_11,0,1,0,1129.94497,84.27007299,78,102,136
1249,99,2021,99_11,0,0,0,1129.94497,84.27007299,78,103,118
1250,99,2020,99_12,0,1,0,1097.499105,78.37037037,78,102,136
1251,99,2021,99_12,0,0,0,1097.499105,78.37037037,78,103,118
1252,99,2020,99_2,0,0,0,908.025993,76.99275362,78,102,136
1253,99,2021,99_2,0,1,0,908.025993,76.99275362,78,103,118
1254,99,2020,99_3,0,0,0,922.1161472,74.0942029,78,102,136
1255,99,2021,99_3,0,0,0,922.1161472,74.0942029,78,103,118
1256,99,2020,99_4,0,0,0,947.8424691,78.07142857,78,102,136
1257,99,2021,99_4,0,0,0,947.8424691,78.07142857,78,103,118
1258,99,2020,99_5,0,0,0,981.401973,76.96296296,78,102,136
1259,99,2021,99_5,0,0,0,981.401973,76.96296296,78,103,118
1260,99,2020,99_6,0,0,0,995.2328397,82.5,78,102,136
1261,99,2021,99_6,0,0,0,995.2328397,82.5,78,103,118
1262,99,2020,99_7,0,0,0,1007.809853,82.13235294,78,102,136
1263,99,2021,99_7,0,0,0,1007.809853,82.13235294,78,103,118
1264,99,2020,99_8,0,0,0,1054.497488,80.54744526,78,102,136
1265,99,2021,99_8,0,0,0,1054.497488,80.54744526,78,103,118
1266,99,2020,99_9,0,0,0,1103.026915,78.86029412,78,102,136
1267,99,2021,99_9,0,0,0,1103.026915,78.86029412,78,103,118